postedOn,numberOfBathrooms,rentedBy,isFurnished,petsAreAllowed,monthlyRent,unitSize,areaMajor,areaMinor,area
16-mars-17,2 salles de bain,Professionnel,Non,Oui,1719,5,H3V,1C8,H3
15-mars-17,1 salle de bain,Professionnel,Non,Oui,580,3,H1K,3E9,H1
15-mars-17,1 salle de bain,Propriétaire,Non,Non,600,3,H4J,1G2,H4
15-mars-17,1 salle de bain,Propriétaire,Non,Non,625,4,H4J,1G2,H4
15-mars-17,1.5 salle de bain,Propriétaire,Non,Non,675,4,H1K,3X2,H1
10-mars-17,1 salle de bain,Professionnel,Non,Oui,950,4,H4B,2X7,H4
15-mars-17,1 salle de bain,Propriétaire,Oui,Non,720,2,H2G,2Z1,H2
15-mars-17,1 salle de bain,Propriétaire,Non,Non,650,3,H3L,3L4,H3
15-mars-17,1 salle de bain,Propriétaire,Non,Oui,1100,3,H3H,2P1,H3
15-mars-17,1 salle de bain,Professionnel,Oui,Non,850,5,H1W,2P2,H1
15-mars-17,1 salle de bain,Professionnel,Oui,Non,540,1,H1T,3G9,H1
15-mars-17,1 salle de bain,Professionnel,Non,Non,920,5,H2E,1J4,H2
09-mars-17,1 salle de bain,Propriétaire,Non,Non,750,4,H4G,2Z4,H4
14-mars-17,1 salle de bain,Propriétaire,Non,Non,895,4,H2K,4J4,H2
16-mars-17,1 salle de bain,Propriétaire,Non,Non,685,4,H1K,2V1,H1
19-févr.-17,2 salles de bain,Professionnel,Non,Oui,1245,4,H1S,3A9,H1
04-mars-17,1 salle de bain,Propriétaire,Non,Non,825,4,H2B,3A3,H2
28-févr.-17,1 salle de bain,Professionnel,Non,Oui,770,2,H3H,1T5,H3
14-mars-17,1 salle de bain,Propriétaire,Non,Non,650,3,H8R,3E4,H8
13-mars-17,1 salle de bain,Propriétaire,Oui,Non,1490,5,H3K,1W2,H3
07-mars-17,1.5 salle de bain,Propriétaire,Non,Oui,1300,5,H4K,1P9,H4
14-mars-17,1 salle de bain,Propriétaire,Oui,Non,940,3,H3S,1R4,H3
14-mars-17,1 salle de bain,Propriétaire,Oui,Non,1150,4,H3S,1R4,H3
14-mars-17,1 salle de bain,Propriétaire,Non,Oui,775,4,H4G,2W6,H4
14-mars-17,1 salle de bain,Propriétaire,Non,Non,660,3,H4L,1J2,H4
14-mars-17,1 salle de bain,Propriétaire,Non,Non,690,3,H4N,2Y5,H4
14-mars-17,1 salle de bain,Professionnel,Non,Non,750,4,H1X,2B5,H1
14-mars-17,1 salle de bain,Propriétaire,Oui,Non,1300,3,H3B,3H5,H3
14-mars-17,1 salle de bain,Propriétaire,Non,Oui,595,3,H4A,2E7,H4
14-mars-17,1 salle de bain,Propriétaire,Non,Non,770,5,H1L,3X3,H1
14-mars-17,1 salle de bain,Propriétaire,Oui,Oui,585,3,H1W,2A4,H1
09-mars-17,1 salle de bain,Professionnel,Oui,Non,670,3,H4J,1Z7,H4
13-mars-17,1 salle de bain,Professionnel,Non,Non,850,3,H3W,3G3,H3
14-mars-17,1 salle de bain,Professionnel,Non,Oui,1250,4,H7G,2Z7,H7
14-mars-17,1 salle de bain,Propriétaire,Non,Non,700,4,H2B,2W1,H2
14-mars-17,1 salle de bain,Propriétaire,Non,Non,680,3,H2K,2P4,H2
14-mars-17,1 salle de bain,Propriétaire,Non,Non,660,3,H1H,5J4,H1
14-mars-17,1 salle de bain,Propriétaire,Non,Oui,1055,3,H3E,1E6,H3
14-mars-17,2 salles de bain,Propriétaire,Non,Non,1380,6,H1N,1P6,H1
14-mars-17,1 salle de bain,Propriétaire,Non,Non,590,3,H8S,2R3,H8
14-mars-17,1 salle de bain,Propriétaire,Non,Non,495,2,H1W,3H3,H1
14-mars-17,1 salle de bain,Propriétaire,Non,Non,1955,6,H2S,2H3,H2
10-mars-17,1 salle de bain,Professionnel,Non,Non,765,3,H1W,1E5,H1
12-mars-17,1 salle de bain,Propriétaire,Non,Oui,775,4,H1V,1W6,H1
13-mars-17,1 salle de bain,Professionnel,Non,Non,1000,3,H3T,1G2,H3
10-mars-17,1 salle de bain,Propriétaire,Non,Non,650,3,H8P,2X1,H8
14-mars-17,1 salle de bain,Propriétaire,Non,Non,950,5,H4G,2P7,H4
14-mars-17,1 salle de bain,Propriétaire,Non,Oui,675,4,H4H,1P2,H4
14-mars-17,1 salle de bain,Propriétaire,Non,Oui,745,4,H1G,5S2,H1
14-mars-17,1 salle de bain,Propriétaire,Non,Non,675,3,H1T,1W6,H1
14-mars-17,1 salle de bain,Propriétaire,Non,Non,875,4,H1T,1W6,H1
14-mars-17,1 salle de bain,Propriétaire,Non,Non,900,5,H1L,1K2,H1
14-mars-17,1 salle de bain,Propriétaire,Non,Non,695,3,H3X,1V6,H3
14-mars-17,1 salle de bain,Professionnel,Non,Non,625,2,H2S,2E8,H2
14-mars-17,1 salle de bain,Professionnel,Non,Non,875,4,H1W,2S7,H1
14-mars-17,1 salle de bain,Professionnel,Non,Non,900,4,H2G,1N7,H2
14-mars-17,1 salle de bain,Professionnel,Non,Non,575,2,H2G,1N7,H2
22-févr.-17,1 salle de bain,Professionnel,Non,Oui,825,4,H4B,2X7,H4
09-mars-17,1 salle de bain,Professionnel,Non,Non,825,5,H4G,2Z9,H4
14-mars-17,1 salle de bain,Professionnel,Non,Non,585,2,H1W,2S7,H1
14-mars-17,1 salle de bain,Professionnel,Non,Non,875,4,H2G,1N7,H2
14-mars-17,1 salle de bain,Propriétaire,Oui,Oui,900,4,H7N,5H6,H7
14-mars-17,1 salle de bain,Propriétaire,Non,Non,880,4,H1W,2S4,H1
14-mars-17,1 salle de bain,Professionnel,Non,Non,1250,3,H3H,1Y3,H3
14-mars-17,1 salle de bain,Professionnel,Non,Non,1025,3,H3Z,1R3,H3
14-mars-17,1 salle de bain,Professionnel,Non,Non,895,3,H3S,2N8,H3
14-mars-17,1.5 salle de bain,Professionnel,Non,Non,1475,4,H3G,1B9,H3
14-mars-17,1 salle de bain,Professionnel,Non,Non,875,2,H3G,1B9,H3
14-mars-17,1 salle de bain,Professionnel,Non,Non,1250,4,H3S,2N8,H3
14-mars-17,2.5 salles de bain,Professionnel,Non,Non,2200,5,H3G,1B9,H3
14-mars-17,1 salle de bain,Professionnel,Non,Non,1225,3,H3G,1B9,H3
14-mars-17,1 salle de bain,Professionnel,Non,Non,850,2,H3W,2H1,H3
11-mars-17,1 salle de bain,Propriétaire,Non,Non,750,3,H3N,2G7,H3
02-mars-17,1 salle de bain,Propriétaire,Non,Non,580,3,H3N,2E1,H3
14-mars-17,1 salle de bain,Professionnel,Non,Non,1025,3,H3H,1Y3,H3
14-mars-17,1 salle de bain,Professionnel,Non,Non,850,4,H9B,2N8,H9
14-mars-17,1 salle de bain,Professionnel,Non,Non,1063,4,H2J,3E8,H2
14-mars-17,1 salle de bain,Propriétaire,Non,Non,1200,3,H3X,2H2,H3
14-mars-17,1 salle de bain,Propriétaire,Non,Non,1200,5,H4N,1L1,H4
14-mars-17,1 salle de bain,Propriétaire,Non,Non,685,3,H1W,1E4,H1
14-mars-17,1 salle de bain,Propriétaire,Non,Non,715,3,H2K,4J4,H2
14-mars-17,1 salle de bain,Professionnel,Non,Non,1300,4,H2K,4J5,H2
14-mars-17,1 salle de bain,Professionnel,Non,Oui,1220,3,H2K,4J5,H2
14-mars-17,1 salle de bain,Propriétaire,Non,Non,1050,4,H3K,1W6,H3
14-mars-17,1 salle de bain,Propriétaire,Non,Non,1200,5,H2J,1M6,H2
14-mars-17,1 salle de bain,Propriétaire,Non,Oui,650,4,H1Z,1P9,H1
14-mars-17,1 salle de bain,Propriétaire,Oui,Oui,665,3,H1T,2V8,H1
14-mars-17,1 salle de bain,Propriétaire,Non,Non,1350,5,H2M,1V4,H2
14-mars-17,1 salle de bain,Professionnel,Non,Non,1495,6,H2R,2E5,H2
14-mars-17,1 salle de bain,Propriétaire,Non,Oui,1500,4,H3C,1V6,H3
14-mars-17,1 salle de bain,Propriétaire,Non,Non,580,2,H4B,2W8,H4
14-mars-17,1 salle de bain,Propriétaire,Non,Non,1275,5,H1Y,3B2,H1
14-mars-17,1 salle de bain,Propriétaire,Oui,Non,300,1,H1W,1S3,H1
14-mars-17,1 salle de bain,Propriétaire,Non,Oui,820,4,H1W,2Z2,H1
14-mars-17,1 salle de bain,Professionnel,Non,Non,699,2,H3W,1M4,H3
14-mars-17,1 salle de bain,Professionnel,Non,Non,755,3,H3W,1P8,H3
13-mars-17,1 salle de bain,Propriétaire,Non,Non,450,1,H4B,2A2,H4
11-mars-17,1 salle de bain,Propriétaire,Non,Non,585,3,H1T,1E5,H1
11-mars-17,1 salle de bain,Professionnel,Oui,Non,895,4,H2S,2J2,H2
14-mars-17,1 salle de bain,Propriétaire,Non,Non,895,4,H1K,4L1,H1
14-mars-17,2 salles de bain,Professionnel,Non,Oui,1499,4,H3V,1C8,H3
14-mars-17,1 salle de bain,Professionnel,Non,Oui,1025,3,H3V,1C8,H3
14-mars-17,2 salles de bain,Professionnel,Non,Oui,1719,5,H3V,1C8,H3
14-mars-17,1 salle de bain,Professionnel,Non,Non,795,4,H2H,2H9,H2
14-mars-17,1 salle de bain,Propriétaire,Non,Non,545,3,H1B,2W5,H1
14-mars-17,1 salle de bain,Propriétaire,Non,Non,899,2,H3H,1K6,H3
14-mars-17,1 salle de bain,Propriétaire,Non,Non,650,3,H4B,2W8,H4
14-mars-17,1 salle de bain,Propriétaire,Non,Non,790,4,H1W,3A1,H1
14-mars-17,1 salle de bain,Propriétaire,Non,Non,1005,3,H1Y,2K1,H1
06-mars-17,1 salle de bain,Professionnel,Oui,Non,995,4,H2G,2N1,H2
13-mars-17,1 salle de bain,Professionnel,Non,Non,749,3,H1H,5H1,H1
13-mars-17,1 salle de bain,Professionnel,Non,Non,849,3,H4L,5E7,H4
14-mars-17,1 salle de bain,Professionnel,Non,Non,960,3,H2J,3T3,H2
14-mars-17,1.5 salle de bain,Propriétaire,Non,Non,1525,4,H3C,1Z5,H3
14-mars-17,2 salles de bain,Professionnel,Non,Oui,1299,4,H3V,1G1,H3
14-mars-17,1 salle de bain,Professionnel,Non,Oui,969,3,H3V,1G1,H3
14-mars-17,1 salle de bain,Professionnel,Non,Oui,799,1,H3V,1G1,H3
12-mars-17,1 salle de bain,Propriétaire,Non,Non,1100,3,H2W,2L3,H2
14-mars-17,1 salle de bain,Propriétaire,Oui,Oui,1400,5,H2E,2J1,H2
14-mars-17,2 salles de bain,Propriétaire,Non,Non,1300,5,H1T,2Z9,H1
14-mars-17,1 salle de bain,Propriétaire,Non,Non,900,3,H2K,3Z3,H2
14-mars-17,1 salle de bain,Propriétaire,Non,Oui,1125,5,H2L,2A9,H2
14-mars-17,1 salle de bain,Professionnel,Oui,Non,800,3,H3S,1S4,H3
14-mars-17,1 salle de bain,Propriétaire,Non,Non,1050,6,H1W,1M2,H1
14-mars-17,1 salle de bain,Propriétaire,Non,Non,1700,7,H2H,1P6,H2
14-mars-17,1 salle de bain,Propriétaire,Non,Non,1250,5,H2H,2G7,H2
13-févr.-17,1 salle de bain,Propriétaire,Non,Non,660,3,H4V,2P5,H4
04-mars-17,1 salle de bain,Propriétaire,Non,Non,650,3,H4V,1X8,H4
14-mars-17,1 salle de bain,Propriétaire,Non,Non,1050,5,H2C,1Z1,H2
14-mars-17,1 salle de bain,Propriétaire,Non,Oui,790,3,H2S,2S7,H2
14-mars-17,1 salle de bain,Propriétaire,Non,Non,630,1,H2R,2G2,H2
14-mars-17,1 salle de bain,Propriétaire,Non,Oui,850,4,H1G,5P9,H1
14-mars-17,1 salle de bain,Propriétaire,Non,Non,895,4,H2P,2L1,H2
14-mars-17,1 salle de bain,Professionnel,Non,Non,895,4,H3T,1P5,H3
14-mars-17,1 salle de bain,Professionnel,Non,Non,755,3,H3T,1P5,H3
14-mars-17,1 salle de bain,Professionnel,Non,Non,840,4,H3T,1Y8,H3
16-janv.-17,1 salle de bain,Propriétaire,Non,Non,520,1,H4B,1L4,H4
11-mars-17,1 salle de bain,Propriétaire,Oui,Non,1300,3,H2J,2S7,H2
13-mars-17,1 salle de bain,Professionnel,Non,Non,732,2,H2X,2B8,H2
14-mars-17,1 salle de bain,Professionnel,Non,Non,1150,4,H2R,2E5,H2
14-mars-17,1 salle de bain,Professionnel,Non,Non,795,3,H3T,1X8,H3
14-mars-17,1 salle de bain,Professionnel,Non,Non,1315,5,H3T,1M2,H3
14-mars-17,1 salle de bain,Professionnel,Non,Non,1095,4,H3T,1X7,H3
14-mars-17,1 salle de bain,Professionnel,Non,Non,1195,5,H3T,1X7,H3
14-mars-17,1 salle de bain,Professionnel,Non,Non,1050,4,H3T,1X7,H3
14-mars-17,1 salle de bain,Propriétaire,Non,Non,1320,4,H2V,1V7,H2
14-mars-17,1 salle de bain,Professionnel,Non,Non,550,3,H4J,2L3,H4
14-mars-17,1 salle de bain,Professionnel,Non,Non,715,4,H3R,2M2,H3
14-mars-17,1 salle de bain,Professionnel,Non,Oui,575,1,H4B,2E6,H4
08-mars-17,1 salle de bain,Professionnel,Oui,Non,1500,3,H2A,2M8,H2
14-mars-17,1 salle de bain,Propriétaire,Non,Non,625,4,H1G,3R4,H1
26-févr.-17,1 salle de bain,Propriétaire,Non,Non,1375,6,H3S,2P6,H3
10-mars-17,1 salle de bain,Propriétaire,Non,Non,598,4,H1G,6H7,H1
14-mars-17,1 salle de bain,Propriétaire,Non,Non,960,4,H2W,2B3,H2
14-mars-17,1 salle de bain,Propriétaire,Non,Non,750,3,H3N,2G7,H3
14-mars-17,1 salle de bain,Propriétaire,Non,Non,1095,5,H2G,2R2,H2
14-mars-17,1 salle de bain,Professionnel,Oui,Non,880,3,H4B,1N6,H4
14-mars-17,1 salle de bain,Professionnel,Oui,Non,1085,4,H4B,1N6,H4
14-mars-17,1 salle de bain,Professionnel,Oui,Non,795,3,H4B,1R7,H4
14-mars-17,1 salle de bain,Professionnel,Oui,Non,1020,4,H4B,1R7,H4
14-mars-17,1 salle de bain,Professionnel,Non,Non,800,5,H1B,3B6,H1
14-mars-17,1 salle de bain,Propriétaire,Non,Non,630,4,H1K,2X6,H1
14-mars-17,1 salle de bain,Propriétaire,Non,Non,750,5,H8S,3C3,H8
08-mars-17,1 salle de bain,Propriétaire,Non,Non,835,5,H1W,3R2,H1
10-mars-17,1 salle de bain,Professionnel,Non,Non,620,2,H1N,1E3,H1
14-mars-17,1 salle de bain,Professionnel,Oui,Non,1360,4,H2J,1K7,H2
14-mars-17,1 salle de bain,Propriétaire,Non,Non,750,4,H1E,6L8,H1
14-mars-17,1 salle de bain,Propriétaire,Non,Oui,710,4,H2G,3B7,H2
14-mars-17,1 salle de bain,Propriétaire,Oui,Non,1295,4,H1X,2B9,H1
14-mars-17,1 salle de bain,Professionnel,Non,Non,735,3,H3T,1X7,H3
14-mars-17,1 salle de bain,Professionnel,Non,Non,1060,4,H2S,2R4,H2
14-mars-17,1 salle de bain,Professionnel,Non,Non,1310,5,H3T,1J3,H3
08-mars-17,1 salle de bain,Professionnel,Non,Non,640,3,H1K,1L8,H1
11-mars-17,1 salle de bain,Propriétaire,Non,Non,895,3,H3T,1Y3,H3
25-févr.-17,1 salle de bain,Professionnel,Oui,Non,995,5,H2G,1T3,H2
14-mars-17,1 salle de bain,Propriétaire,Non,Non,1300,5,H2V,1V7,H2
14-mars-17,1 salle de bain,Propriétaire,Non,Non,700,2,H2S,2T8,H2
14-mars-17,1 salle de bain,Propriétaire,Non,Non,585,3,H1B,4E1,H1
14-mars-17,1 salle de bain,Propriétaire,Non,Non,695,4,H1Z,3J1,H1
14-mars-17,1 salle de bain,Propriétaire,Non,Non,1100,4,H3S,1T8,H3
14-mars-17,1 salle de bain,Propriétaire,Non,Non,745,3,H1W,2Y2,H1
14-mars-17,2 salles de bain,Propriétaire,Non,Non,645,4,H1Z,1M6,H1
14-mars-17,1 salle de bain,Propriétaire,Non,Oui,800,4,H3N,2L1,H3
19-janv.-17,1 salle de bain,Propriétaire,Non,Non,800,4,H1X,1L8,H1
14-mars-17,1 salle de bain,Propriétaire,Non,Non,690,3,H4N,1V4,H4
14-mars-17,1 salle de bain,Propriétaire,Non,Oui,900,5,H1S,2B4,H1
14-mars-17,1 salle de bain,Propriétaire,Non,Non,745,3,H1X,2R7,H1
13-mars-17,1 salle de bain,Professionnel,Non,Non,665,1,H3T,1J8,H3
14-mars-17,1 salle de bain,Professionnel,Non,Non,530,2,H3L,1L3,H3
14-mars-17,1 salle de bain,Professionnel,Non,Non,605,3,H3L,1L3,H3
14-mars-17,1 salle de bain,Professionnel,Non,Non,650,4,H3L,1L3,H3
14-mars-17,1 salle de bain,Professionnel,Non,Non,675,4,H1B,2Z1,H1
14-mars-17,1 salle de bain,Professionnel,Non,Non,660,3,H2N,1X3,H2
14-mars-17,1 salle de bain,Professionnel,Oui,Non,1125,3,H3H,2S3,H3
14-mars-17,1 salle de bain,Professionnel,Non,Oui,1075,4,H3S,2C4,H3
14-mars-17,1 salle de bain,Professionnel,Non,Oui,825,3,H3S,2C4,H3
14-mars-17,1 salle de bain,Professionnel,Non,Oui,700,1,H3S,2C4,H3
14-mars-17,1 salle de bain,Professionnel,Non,Non,875,4,H2J,3C5,H2
14-mars-17,1 salle de bain,Professionnel,Non,Oui,1025,3,H2X,2L6,H2
14-mars-17,1 salle de bain,Professionnel,Non,Oui,665,2,H3T,1K2,H3
14-mars-17,1 salle de bain,Professionnel,Non,Oui,635,3,H1Y,1K8,H1
14-mars-17,1 salle de bain,Propriétaire,Non,Non,785,3,H2L,2S6,H2
14-mars-17,2 salles de bain,Professionnel,Non,Oui,2200,4,H3G,1Y2,H3
14-mars-17,1 salle de bain,Propriétaire,Non,Oui,680,3,H2K,2R1,H2
14-mars-17,1 salle de bain,Propriétaire,Oui,Oui,750,3,H2G,3C2,H2
14-mars-17,1 salle de bain,Propriétaire,Oui,Oui,1000,4,H2G,3C2,H2
14-mars-17,1 salle de bain,Propriétaire,Non,Non,1075,4,H9W,6G7,H9
14-mars-17,1 salle de bain,Propriétaire,Non,Non,705,4,H1N,1V3,H1
14-mars-17,1 salle de bain,Propriétaire,Non,Non,650,3,H1T,2C9,H1
13-mars-17,1 salle de bain,Professionnel,Non,Non,675,3,H1X,2P6,H1
14-mars-17,1 salle de bain,Propriétaire,Non,Non,640,5,H1G,6K5,H1
14-mars-17,1 salle de bain,Propriétaire,Non,Non,830,3,H2J,3Z7,H2
14-mars-17,1 salle de bain,Propriétaire,Non,Non,750,3,H2E,1E3,H2
14-mars-17,1 salle de bain,Propriétaire,Non,Oui,720,3,H2K,2R1,H2
14-mars-17,1 salle de bain,Propriétaire,Non,Non,730,5,H1G,4Y7,H1
14-mars-17,1 salle de bain,Propriétaire,Non,Non,630,3,H1N,1V2,H1
14-mars-17,1 salle de bain,Propriétaire,Non,Non,630,4,H1G,6K5,H1
14-mars-17,1 salle de bain,Propriétaire,Non,Non,640,3,H2P,1S3,H2
03-mars-17,1 salle de bain,Propriétaire,Non,Non,800,4,H2E,2Y4,H2
12-mars-17,1 salle de bain,Propriétaire,Non,Non,1450,6,H4N,1N4,H4
14-mars-17,1 salle de bain,Propriétaire,Non,Non,820,3,H3X,1Z3,H3
14-mars-17,1 salle de bain,Propriétaire,Non,Non,800,3,H3X,1Z3,H3
14-mars-17,1 salle de bain,Propriétaire,Oui,Non,1100,3,H2G,3B4,H2
14-mars-17,1 salle de bain,Propriétaire,Non,Non,850,3,H4A,3J6,H4
14-mars-17,1 salle de bain,Propriétaire,Non,Non,750,4,H1W,3R1,H1
14-mars-17,1 salle de bain,Professionnel,Non,Non,2100,4,H3C,0P3,H3
14-mars-17,1 salle de bain,Propriétaire,Non,Non,450,1,H2P,1S3,H2
14-mars-17,1 salle de bain,Propriétaire,Non,Oui,1500,4,H4N,0B3,H4
14-mars-17,2 salles de bain,Propriétaire,Non,Non,3600,8,H2X,2Y6,H2
09-mars-17,1 salle de bain,Propriétaire,Non,Non,859,3,H4V,1P7,H4
14-mars-17,1 salle de bain,Professionnel,Non,Non,690,5,H1G,3T3,H1
14-mars-17,1 salle de bain,Propriétaire,Oui,Non,675,1,H2L,3E4,H2
14-mars-17,1 salle de bain,Propriétaire,Non,Oui,750,4,H1L,3L1,H1
14-mars-17,2 salles de bain,Propriétaire,Non,Non,1100,5,H1N,2Y2,H1
14-mars-17,1 salle de bain,Propriétaire,Non,Oui,785,4,H1T,3E4,H1
14-mars-17,1 salle de bain,Propriétaire,Non,Non,795,5,H1G,3L3,H1
14-mars-17,2 salles de bain,Propriétaire,Non,Non,1100,6,H1N,2Y2,H1
14-mars-17,1 salle de bain,Professionnel,Non,Oui,1649,4,H2L,1J8,H2
14-mars-17,1 salle de bain,Propriétaire,Non,Non,700,4,H1G,3G5,H1
09-mars-17,1 salle de bain,Propriétaire,Oui,Non,675,4,H1Z,1H8,H1
14-mars-17,1 salle de bain,Professionnel,Non,Non,655,2,H3T,1J8,H3
14-mars-17,1 salle de bain,Professionnel,Non,Non,900,4,H3T,1J8,H3
14-mars-17,1 salle de bain,Professionnel,Non,Non,810,3,H3T,1J8,H3
14-mars-17,1 salle de bain,Professionnel,Non,Non,925,4,H2L,1M5,H2
14-mars-17,1 salle de bain,Professionnel,Non,Non,585,2,H2L,1M5,H2
14-mars-17,1 salle de bain,Professionnel,Non,Non,595,2,H2L,1M5,H2
14-mars-17,1 salle de bain,Professionnel,Non,Non,480,1,H3L,3L6,H3
14-mars-17,1 salle de bain,Professionnel,Non,Non,400,1,H1H,4L7,H1
14-mars-17,1 salle de bain,Propriétaire,Non,Oui,600,2,H2K,3T8,H2
14-mars-17,1 salle de bain,Propriétaire,Non,Non,800,4,H1Y,3A6,H1
13-mars-17,1 salle de bain,Professionnel,Non,Non,470,1,H8S,1E7,H8
24-févr.-17,1 salle de bain,Professionnel,Oui,Non,610,3,H1Y,2P6,H1
14-mars-17,1 salle de bain,Propriétaire,Oui,Non,1245,3,H4P,0A7,H4
14-mars-17,1 salle de bain,Propriétaire,Non,Non,925,4,H1X,2N6,H1
14-mars-17,1 salle de bain,Professionnel,Non,Non,980,3,H7G,2G3,H7
14-mars-17,1 salle de bain,Professionnel,Non,Non,1025,3,H3G,2G7,H3
14-mars-17,1 salle de bain,Propriétaire,Non,Non,1660,5,H9W,6G7,H9
14-mars-17,1 salle de bain,Propriétaire,Non,Non,750,3,H4G,2S1,H4
08-mars-17,1 salle de bain,Propriétaire,Non,Non,600,3,H1T,1L1,H1
14-mars-17,1 salle de bain,Propriétaire,Non,Non,1650,7,H2S,1T2,H2
14-mars-17,1 salle de bain,Propriétaire,Non,Non,805,4,H2B,2L3,H2
14-mars-17,1.5 salle de bain,Professionnel,Oui,Oui,1999,4,H3G,1A9,H3
14-mars-17,1 salle de bain,Professionnel,Non,Oui,1299,3,H3G,1A9,H3
14-mars-17,1 salle de bain,Professionnel,Non,Oui,1199,2,H3G,1A9,H3
14-mars-17,1 salle de bain,Professionnel,Non,Oui,1575,3,H3G,1A9,H3
14-mars-17,1 salle de bain,Propriétaire,Oui,Non,550,1,H1X,1J4,H1
14-mars-17,1 salle de bain,Propriétaire,Non,Non,1345,6,H2K,4J4,H2
13-mars-17,1 salle de bain,Propriétaire,Non,Non,805,3,H1N,1G2,H1
14-mars-17,1 salle de bain,Propriétaire,Oui,Non,550,2,H1X,1X3,H1
14-mars-17,1 salle de bain,Propriétaire,Non,Non,780,3,H3X,2E1,H3
14-mars-17,1 salle de bain,Propriétaire,Non,Non,780,3,H3T,1K5,H3
14-mars-17,1 salle de bain,Propriétaire,Non,Non,680,2,H3T,1K5,H3
14-mars-17,1 salle de bain,Propriétaire,Oui,Non,1400,3,H3G,2J5,H3
14-mars-17,1 salle de bain,Propriétaire,Non,Non,875,4,H1X,1J4,H1
14-mars-17,1 salle de bain,Propriétaire,Non,Non,1100,5,H2K,1G4,H2
14-mars-17,1 salle de bain,Propriétaire,Non,Non,880,5,H1L,4L2,H1
14-mars-17,1 salle de bain,Propriétaire,Non,Non,550,2,H1Y,3A6,H1
14-mars-17,1 salle de bain,Propriétaire,Non,Non,570,3,H1B,4E1,H1
14-mars-17,1 salle de bain,Propriétaire,Non,Non,570,2,H2H,1N2,H2
14-mars-17,1 salle de bain,Propriétaire,Non,Non,985,4,H2M,1N9,H2
14-mars-17,1 salle de bain,Propriétaire,Oui,Non,535,3,H8S,1K4,H8
14-mars-17,1 salle de bain,Propriétaire,Non,Oui,700,3,H1V,1A4,H1
01-mars-17,1 salle de bain,Professionnel,Non,Oui,1000,3,H2L,4G4,H2
14-mars-17,1 salle de bain,Propriétaire,Non,Non,580,3,H2M,1S3,H2
14-mars-17,1 salle de bain,Propriétaire,Non,Non,975,4,H1K,2K3,H1
14-mars-17,1 salle de bain,Propriétaire,Non,Non,695,3,H4N,1M8,H4
14-mars-17,1 salle de bain,Propriétaire,Non,Non,780,4,H2M,1S3,H2
14-mars-17,1 salle de bain,Propriétaire,Non,Non,800,3,H2G,2X7,H2
14-mars-17,1 salle de bain,Propriétaire,Oui,Oui,625,3,H2E,2G2,H2
13-mars-17,1 salle de bain,Propriétaire,Non,Non,850,4,H1M,3E1,H1
14-mars-17,1 salle de bain,Propriétaire,Non,Non,645,3,H1B,5C4,H1
14-mars-17,1 salle de bain,Propriétaire,Non,Non,650,3,H3L,3L4,H3
14-mars-17,1 salle de bain,Propriétaire,Non,Non,995,4,H4A,3J5,H4
14-mars-17,1 salle de bain,Propriétaire,Non,Non,795,4,H1B,2A3,H1
14-mars-17,1 salle de bain,Propriétaire,Non,Non,790,4,H2G,1W9,H2
28-févr.-17,1 salle de bain,Professionnel,Non,Oui,950,3,H3H,1T5,H3
13-mars-17,1 salle de bain,Propriétaire,Non,Non,1400,4,H2X,2K8,H2
14-mars-17,1 salle de bain,Propriétaire,Non,Non,600,3,H4J,1G2,H4
14-mars-17,1 salle de bain,Propriétaire,Non,Non,1450,5,H2K,3N5,H2
14-mars-17,1 salle de bain,Propriétaire,Non,Non,795,3,H2K,4J4,H2
14-mars-17,1 salle de bain,Propriétaire,Non,Non,625,4,H4J,1G2,H4
14-mars-17,1 salle de bain,Propriétaire,Non,Non,670,3,H4N,1L5,H4
14-mars-17,1 salle de bain,Propriétaire,Non,Oui,1250,4,H3T,1V8,H3
14-mars-17,1.5 salle de bain,Propriétaire,Oui,Oui,1800,4,H3X,1V8,H3
14-mars-17,1 salle de bain,Propriétaire,Non,Non,700,4,H1E,6M1,H1
14-mars-17,1 salle de bain,Propriétaire,Non,Oui,695,4,H1T,3G5,H1
14-mars-17,1 salle de bain,Propriétaire,Non,Non,630,3,H1E,3N2,H1
14-mars-17,1 salle de bain,Propriétaire,Oui,Non,1150,5,H1V,1R4,H1
14-mars-17,1 salle de bain,Propriétaire,Non,Non,1100,5,H3L,1X9,H3
14-mars-17,1 salle de bain,Propriétaire,Non,Oui,834,4,H1V,1K1,H1
14-mars-17,1 salle de bain,Propriétaire,Non,Non,1195,5,H2H,1V7,H2
14-mars-17,1 salle de bain,Propriétaire,Oui,Non,970,5,H4V,2L1,H4
14-mars-17,1 salle de bain,Propriétaire,Non,Non,640,3,H1H,1A3,H1
14-mars-17,1 salle de bain,Propriétaire,Non,Oui,800,4,H1X,2M7,H1
14-mars-17,1 salle de bain,Propriétaire,Non,Non,695,4,H1Z,3S9,H1
06-mars-17,2 salles de bain,Propriétaire,Non,Non,1875,5,H4C,2E9,H4
14-mars-17,1 salle de bain,Propriétaire,Non,Non,2200,6,H3T,1S4,H3
14-mars-17,1 salle de bain,Propriétaire,Non,Non,1020,4,H2T,3A2,H2
14-mars-17,1 salle de bain,Propriétaire,Non,Non,725,4,H1L,2K6,H1
14-mars-17,1 salle de bain,Propriétaire,Non,Non,910,5,H1R,3L9,H1
14-mars-17,1 salle de bain,Propriétaire,Non,Non,765,4,H1X,2R4,H1
14-mars-17,1 salle de bain,Professionnel,Non,Oui,1600,3,H3G,1Y2,H3
07-mars-17,1 salle de bain,Propriétaire,Non,Non,800,3,H3W,1H3,H3
14-mars-17,1 salle de bain,Propriétaire,Non,Non,540,3,H3M,2A8,H3
14-mars-17,1 salle de bain,Professionnel,Oui,Non,525,6,H1G,2V5,H1
14-mars-17,1 salle de bain,Propriétaire,Non,Non,695,4,H1Z,2A7,H1
14-mars-17,1 salle de bain,Propriétaire,Non,Non,680,4,H1B,5A1,H1
14-mars-17,1 salle de bain,Professionnel,Non,Non,750,4,H1Y,2Z8,H1
14-mars-17,1 salle de bain,Professionnel,Non,Non,630,3,H1Y,2Z8,H1
14-mars-17,1 salle de bain,Propriétaire,Non,Non,550,2,H2A,1Z9,H2
14-mars-17,1 salle de bain,Propriétaire,Non,Non,640,3,H3L,3L4,H3
14-mars-17,1 salle de bain,Propriétaire,Non,Non,660,4,H1A,2R7,H1
14-mars-17,1 salle de bain,Propriétaire,Non,Non,720,4,H3L,3L4,H3
14-mars-17,1 salle de bain,Propriétaire,Non,Non,1600,5,H3T,1J6,H3
14-mars-17,1 salle de bain,Propriétaire,Non,Non,830,3,H4E,1T7,H4
14-mars-17,1 salle de bain,Propriétaire,Non,Non,950,5,H1R,3L9,H1
14-mars-17,1 salle de bain,Propriétaire,Non,Oui,910,5,H8R,1R1,H8
14-mars-17,1 salle de bain,Propriétaire,Non,Oui,795,4,H9H,4T1,H9
08-mars-17,1 salle de bain,Propriétaire,Non,Non,750,4,H8R,3R2,H8
14-mars-17,1 salle de bain,Professionnel,Non,Oui,480,2,H1K,3E9,H1
14-mars-17,1 salle de bain,Propriétaire,Non,Oui,1400,5,H2V,1N7,H2
14-mars-17,1 salle de bain,Propriétaire,Non,Non,725,4,H1W,2N5,H1
14-mars-17,1 salle de bain,Professionnel,Non,Oui,520,3,H1K,3E9,H1
13-mars-17,1 salle de bain,Professionnel,Non,Non,1175,4,H4L,5E7,H4
14-mars-17,1 salle de bain,Propriétaire,Non,Non,670,4,H1L,4K9,H1
14-mars-17,1 salle de bain,Propriétaire,Oui,Non,995,3,H2A,1S4,H2
14-mars-17,1 salle de bain,Propriétaire,Non,Non,1150,5,H1W,2M9,H1
09-mars-17,1 salle de bain,Professionnel,Non,Non,635,1,H2J,4A3,H2
22-févr.-17,1 salle de bain,Professionnel,Non,Oui,940,6,H4E,3S6,H4
14-mars-17,1 salle de bain,Propriétaire,Non,Non,750,4,H8R,1M9,H8
14-mars-17,1 salle de bain,Propriétaire,Non,Non,950,4,H2H,2H6,H2
14-mars-17,1 salle de bain,Propriétaire,Non,Non,900,4,H8P,3E7,H8
14-mars-17,1 salle de bain,Propriétaire,Non,Non,640,3,H4L,4H1,H4
14-mars-17,2 salles de bain,Propriétaire,Oui,Oui,1795,8,H1V,2G4,H1
14-mars-17,1 salle de bain,Propriétaire,Oui,Non,1150,4,H2H,2H6,H2
14-mars-17,1 salle de bain,Professionnel,Non,Non,790,4,H2E,1J4,H2
14-mars-17,1 salle de bain,Propriétaire,Non,Oui,680,4,H1B,3S7,H1
14-mars-17,1 salle de bain,Propriétaire,Non,Non,1200,6,H8P,2L8,H8
14-mars-17,1 salle de bain,Propriétaire,Non,Non,740,3,H3L,2V9,H3
14-mars-17,1 salle de bain,Propriétaire,Non,Non,760,4,H1H,1A3,H1
14-mars-17,1 salle de bain,Propriétaire,Oui,Non,650,3,H8P,3E7,H8
13-mars-17,1 salle de bain,Propriétaire,Non,Non,775,4,H2K,3C3,H2
14-mars-17,2 salles de bain,Propriétaire,Non,Non,1350,6,H8P,2R7,H8
14-mars-17,1 salle de bain,Propriétaire,Non,Non,1100,4,H4N,2Z1,H4
14-mars-17,1 salle de bain,Propriétaire,Non,Oui,740,4,H8P,1X1,H8
14-mars-17,1 salle de bain,Propriétaire,Non,Non,640,4,H1A,2S5,H1
14-mars-17,1.5 salle de bain,Propriétaire,Non,Non,675,4,H1K,3X2,H1
14-mars-17,1 salle de bain,Propriétaire,Non,Non,1200,4,H2L,1M4,H2
14-mars-17,1 salle de bain,Professionnel,Non,Oui,1150,3,H3V,1G8,H3
14-mars-17,1 salle de bain,Propriétaire,Non,Non,775,4,H2K,3C3,H2
14-mars-17,1 salle de bain,Propriétaire,Non,Non,2000,7,H2W,2E5,H2
14-mars-17,1 salle de bain,Propriétaire,Non,Non,800,5,H4E,2L9,H4
14-mars-17,1 salle de bain,Propriétaire,Non,Non,525,3,H3N,2N2,H3
14-mars-17,1 salle de bain,Propriétaire,Non,Non,685,3,H3M,2A4,H3
14-mars-17,3,5 salles de bain,Propriétaire,Non,Non,585,3,H8R,2A7,H8
14-mars-17,1 salle de bain,Propriétaire,Non,Non,710,3,H3S,1T5,H3
14-mars-17,1 salle de bain,Propriétaire,Non,Non,710,4,H1R,2W4,H1
14-mars-17,1 salle de bain,Propriétaire,Non,Non,950,4,H1L,4T3,H1
14-mars-17,1 salle de bain,Propriétaire,Non,Non,750,4,H1L,4T3,H1
14-mars-17,1 salle de bain,Propriétaire,Non,Non,820,4,H3S,1T5,H3
14-mars-17,1 salle de bain,Propriétaire,Non,Non,875,4,H4N,3G8,H4
14-mars-17,1 salle de bain,Propriétaire,Non,Non,500,3,H4X,2G7,H4
14-mars-17,1 salle de bain,Propriétaire,Non,Non,700,3,H3S,1T5,H3
14-mars-17,1 salle de bain,Propriétaire,Non,Non,800,3,H1H,1E5,H1
14-mars-17,1.5 salle de bain,Propriétaire,Non,Non,1140,4,H1L,5M3,H1
14-mars-17,1 salle de bain,Propriétaire,Non,Non,840,5,H1G,5N7,H1
14-mars-17,2 salles de bain,Propriétaire,Non,Non,1400,4,H1M,3V3,H1
14-mars-17,1 salle de bain,Propriétaire,Oui,Oui,750,4,H2G,2L8,H2
14-mars-17,1 salle de bain,Propriétaire,Non,Non,1275,5,H3L,2V3,H3
14-mars-17,1 salle de bain,Propriétaire,Non,Non,620,3,H3L,2S7,H3
08-mars-17,1 salle de bain,Professionnel,Oui,Non,525,1,H2G,2M5,H2
14-mars-17,1 salle de bain,Propriétaire,Non,Oui,850,4,H2B,1P4,H2
14-mars-17,1 salle de bain,Propriétaire,Non,Non,1250,3,H2T,1G1,H2
14-mars-17,1 salle de bain,Propriétaire,Non,Non,1275,5,H1M,2R6,H1
14-mars-17,1 salle de bain,Propriétaire,Oui,Non,1300,3,H3G,0A6,H3
14-mars-17,1 salle de bain,Propriétaire,Non,Non,1065,3,H2J,1W4,H2
14-mars-17,1 salle de bain,Propriétaire,Non,Non,876,4,H3T,1H8,H3
14-mars-17,1.5 salle de bain,Propriétaire,Non,Non,875,5,H1N,2R4,H1
14-mars-17,1 salle de bain,Propriétaire,Oui,Non,540,3,H8N,1R5,H8
14-mars-17,1 salle de bain,Propriétaire,Non,Oui,1155,3,H2V,1Z8,H2
14-mars-17,1 salle de bain,Propriétaire,Non,Non,540,1,H3S,1J1,H3
14-mars-17,1 salle de bain,Propriétaire,Non,Non,975,4,H8S,2Y3,H8
14-mars-17,4,5 salles de bain,Propriétaire,Non,Oui,700,4,H3E,1B5,H3
14-mars-17,1 salle de bain,Propriétaire,Non,Oui,1150,4,H1Z,0A5,H1
14-mars-17,1 salle de bain,Propriétaire,Oui,Non,885,3,H2H,2L6,H2
14-mars-17,1 salle de bain,Propriétaire,Non,Non,1150,6,H4G,1J4,H4
14-mars-17,1 salle de bain,Propriétaire,Non,Non,750,3,H2E,2G2,H2
14-mars-17,1 salle de bain,Propriétaire,Non,Non,900,5,H1P,2Z3,H1
14-mars-17,1 salle de bain,Propriétaire,Non,Oui,900,3,H2K,3Z1,H2
14-mars-17,1 salle de bain,Propriétaire,Non,Non,895,4,H1W,3V9,H1
14-mars-17,1 salle de bain,Propriétaire,Non,Non,930,4,H2H,1V4,H2
14-mars-17,1 salle de bain,Propriétaire,Non,Oui,1155,7,H3X,2H5,H3
14-mars-17,1 salle de bain,Propriétaire,Oui,Oui,900,3,H2H,2H9,H2
14-mars-17,1 salle de bain,Propriétaire,Non,Non,1360,3,H3C,0P3,H3
14-mars-17,1 salle de bain,Propriétaire,Non,Non,1375,4,H2A,2X7,H2
14-mars-17,1 salle de bain,Propriétaire,Oui,Non,600,3,H8N,1R1,H8
14-mars-17,1 salle de bain,Propriétaire,Non,Oui,830,5,H1B,2Z9,H1
22-févr.-17,1 salle de bain,Professionnel,Non,Oui,1115,5,H4E,3S6,H4
13-mars-17,1 salle de bain,Professionnel,Non,Non,515,1,H2G,1X3,H2
14-mars-17,1.5 salle de bain,Propriétaire,Oui,Non,800,2,H2W,1R1,H2
14-mars-17,2,5 salles de bain,Propriétaire,Non,Non,2000,6,H2L,2V6,H2
13-mars-17,1 salle de bain,Propriétaire,Non,Oui,550,4,H8R,1G7,H8
13-mars-17,1 salle de bain,Propriétaire,Non,Non,875,4,H2J,3J6,H2
13-mars-17,1 salle de bain,Propriétaire,Non,Non,1150,5,H1A,1W7,H1
13-mars-17,2 salles de bain,Propriétaire,Non,Oui,1325,6,H4R,1L4,H4
13-mars-17,1 salle de bain,Propriétaire,Non,Non,1000,6,H2G,2N7,H2
13-mars-17,1 salle de bain,Propriétaire,Non,Non,625,4,H1G,3N8,H1
13-mars-17,1 salle de bain,Propriétaire,Oui,Non,730,2,H2L,3A9,H2
13-mars-17,1 salle de bain,Propriétaire,Oui,Oui,650,4,H1L,3B1,H1
13-mars-17,2 salles de bain,Propriétaire,Non,Non,1600,5,H2G,2C7,H2
13-mars-17,1.5 salle de bain,Propriétaire,Non,Non,625,3,H8P,3E7,H8
13-mars-17,1 salle de bain,Propriétaire,Oui,Non,725,4,H4J,1J6,H4
13-mars-17,1 salle de bain,Propriétaire,Non,Non,560,3,H1Z,2Y6,H1
13-mars-17,1 salle de bain,Propriétaire,Non,Non,900,4,H1V,1X3,H1
13-mars-17,1 salle de bain,Propriétaire,Non,Non,590,3,H1S,1G5,H1
01-mars-17,1 salle de bain,Propriétaire,Non,Non,895,3,H3H,1N6,H3
13-mars-17,1 salle de bain,Propriétaire,Non,Non,535,2,H3N,2L1,H3
13-mars-17,1 salle de bain,Professionnel,Non,Non,807,3,H2S,2E7,H2
13-mars-17,1 salle de bain,Propriétaire,Non,Non,595,3,H1S,2N4,H1
13-mars-17,1 salle de bain,Propriétaire,Non,Oui,815,3,H4B,1P1,H4
13-mars-17,1 salle de bain,Propriétaire,Non,Non,680,3,H1T,1J6,H1
13-mars-17,1 salle de bain,Propriétaire,Non,Non,1100,5,H1V,2K9,H1
13-mars-17,1 salle de bain,Propriétaire,Non,Non,595,3,H1X,2J4,H1
13-mars-17,1 salle de bain,Propriétaire,Oui,Non,1200,3,H4R,1C3,H4
13-mars-17,1 salle de bain,Propriétaire,Non,Non,1375,6,H1W,3V9,H1
13-mars-17,1 salle de bain,Propriétaire,Non,Non,750,4,H1N,3A2,H1
13-mars-17,1 salle de bain,Professionnel,Non,Non,1177,5,H2S,2R8,H2
13-mars-17,1 salle de bain,Professionnel,Non,Non,790,3,H3T,1C3,H3
13-mars-17,1 salle de bain,Propriétaire,Non,Non,1025,4,H2M,1X2,H2
13-mars-17,1 salle de bain,Propriétaire,Oui,Non,1050,3,H2H,2J7,H2
13-mars-17,1 salle de bain,Propriétaire,Non,Non,720,4,H4E,4C7,H4
13-mars-17,2 salles de bain,Propriétaire,Non,Non,1700,5,H1S,3A9,H1
13-mars-17,1 salle de bain,Propriétaire,Oui,Non,520,3,H2B,2C5,H2
13-mars-17,1 salle de bain,Propriétaire,Non,Oui,685,3,H3W,1W3,H3
13-mars-17,1 salle de bain,Propriétaire,Non,Oui,595,3,H4E,2C9,H4
13-mars-17,1 salle de bain,Propriétaire,Non,Oui,1050,4,H3W,2H5,H3
13-mars-17,1 salle de bain,Propriétaire,Non,Non,1050,5,H9H,5M7,H9
13-mars-17,1 salle de bain,Propriétaire,Non,Non,1100,5,H4V,1X7,H4
13-mars-17,1 salle de bain,Propriétaire,Non,Non,675,4,H1N,2N6,H1
13-mars-17,1 salle de bain,Propriétaire,Non,Non,640,4,H1B,5R9,H1
13-mars-17,1 salle de bain,Professionnel,Non,Non,1063,5,H2J,3E8,H2
13-mars-17,1 salle de bain,Propriétaire,Non,Oui,870,4,H1A,0A2,H1
13-mars-17,1 salle de bain,Propriétaire,Non,Non,1030,5,H3L,2X6,H3
13-mars-17,1 salle de bain,Propriétaire,Non,Oui,985,5,H1K,1E6,H1
13-mars-17,1 salle de bain,Propriétaire,Non,Non,1025,4,H2J,1G7,H2
13-mars-17,1 salle de bain,Propriétaire,Oui,Non,800,5,H1H,4G2,H1
13-mars-17,2 salles de bain,Propriétaire,Non,Non,1800,7,H4M,1C7,H4
13-mars-17,1 salle de bain,Propriétaire,Non,Non,570,4,H1G,3R5,H1
13-mars-17,1 salle de bain,Propriétaire,Non,Oui,930,4,H2H,2E7,H2
13-mars-17,1 salle de bain,Propriétaire,Non,Non,810,3,H1V,2C5,H1
13-mars-17,1 salle de bain,Propriétaire,Non,Non,600,3,H3L,3M1,H3
13-mars-17,1 salle de bain,Propriétaire,Non,Non,620,3,H4G,1T2,H4
13-mars-17,1 salle de bain,Propriétaire,Non,Oui,850,4,H8R,1G7,H8
13-mars-17,1 salle de bain,Professionnel,Oui,Non,570,1,H4A,2B5,H4
13-mars-17,1 salle de bain,Propriétaire,Non,Non,550,4,H1G,3L5,H1
13-mars-17,1.5 salle de bain,Propriétaire,Non,Non,1650,6,H3W,2M6,H3
13-mars-17,1 salle de bain,Propriétaire,Non,Non,1350,4,H4E,4L3,H4
13-mars-17,1 salle de bain,Propriétaire,Non,Non,1500,5,H1T,2R3,H1
13-mars-17,2 salles de bain,Propriétaire,Non,Non,2250,5,H3E,1L3,H3
13-mars-17,1 salle de bain,Propriétaire,Oui,Non,1250,3,H2L,2M5,H2
13-mars-17,1 salle de bain,Propriétaire,Non,Non,860,4,H2E,2A6,H2
13-mars-17,1 salle de bain,Professionnel,Non,Non,635,3,H1W,1L2,H1
13-mars-17,1 salle de bain,Professionnel,Oui,Non,585,2,H2K,2Z9,H2
13-mars-17,2 salles de bain,Propriétaire,Non,Non,1125,4,H3S,1B1,H3
13-mars-17,1 salle de bain,Propriétaire,Non,Non,500,3,H2A,1S3,H2
13-mars-17,1 salle de bain,Propriétaire,Non,Non,665,3,H1Y,2G3,H1
13-mars-17,1 salle de bain,Propriétaire,Non,Non,975,5,H1K,2N1,H1
13-mars-17,1 salle de bain,Propriétaire,Oui,Non,1350,4,H1V,2P3,H1
13-mars-17,1 salle de bain,Propriétaire,Non,Non,650,3,H1K,2N9,H1
13-mars-17,1 salle de bain,Propriétaire,Non,Non,1200,6,H1V,2V5,H1
13-mars-17,1 salle de bain,Propriétaire,Oui,Non,650,2,H3L,2H7,H3
10-mars-17,1 salle de bain,Professionnel,Non,Non,590,3,H2E,2T4,H2
13-mars-17,1 salle de bain,Propriétaire,Non,Non,950,5,H1K,2N9,H1
13-mars-17,1 salle de bain,Propriétaire,Oui,Oui,1050,3,H1V,2L4,H1
13-mars-17,1 salle de bain,Propriétaire,Non,Non,735,4,H1R,1A9,H1
13-mars-17,1 salle de bain,Propriétaire,Non,Non,640,3,H4P,1K8,H4
13-mars-17,1 salle de bain,Propriétaire,Non,Oui,775,4,H4B,2K7,H4
13-mars-17,1 salle de bain,Propriétaire,Non,Non,650,4,H1L,4Y3,H1
13-mars-17,1 salle de bain,Propriétaire,Non,Oui,840,4,H1M,3E6,H1
09-mars-17,1 salle de bain,Propriétaire,Non,Non,915,3,H1K,0H9,H1
13-mars-17,1 salle de bain,Propriétaire,Non,Non,1195,5,H2H,1V7,H2
13-mars-17,1 salle de bain,Propriétaire,Non,Non,850,5,H1X,2M7,H1
13-mars-17,1 salle de bain,Propriétaire,Non,Non,1300,5,H1W,3Y9,H1
13-mars-17,1 salle de bain,Propriétaire,Non,Non,1500,3,H4C,1P5,H4
13-mars-17,1 salle de bain,Propriétaire,Non,Non,555,3,H1Z,3K3,H1
13-mars-17,1 salle de bain,Propriétaire,Non,Non,750,4,H1M,1R1,H1
13-mars-17,1 salle de bain,Propriétaire,Non,Non,600,4,H8R,1P8,H8
13-mars-17,1 salle de bain,Propriétaire,Non,Oui,1100,3,H5L,0A5,H5
13-mars-17,1 salle de bain,Propriétaire,Non,Non,635,3,H1L,1E8,H1
13-mars-17,1 salle de bain,Propriétaire,Non,Non,1420,5,H2L,3G3,H2
13-mars-17,1 salle de bain,Propriétaire,Non,Non,665,3,H4E,3Z1,H4
13-mars-17,1 salle de bain,Propriétaire,Oui,Oui,1100,3,H5L,0A5,H5
13-mars-17,1.5 salle de bain,Propriétaire,Non,Non,1325,5,H1K,1H7,H1
13-mars-17,1 salle de bain,Propriétaire,Non,Non,650,3,H1B,5A1,H1
13-mars-17,1 salle de bain,Propriétaire,Non,Non,925,5,H4R,1A1,H4
13-mars-17,1 salle de bain,Propriétaire,Non,Non,735,4,H1E,5K8,H1
13-mars-17,1 salle de bain,Propriétaire,Non,Non,1450,3,H3H,1Z4,H3
13-mars-17,1 salle de bain,Propriétaire,Non,Oui,899,3,H3E,1B9,H3
13-mars-17,1 salle de bain,Propriétaire,Non,Oui,595,3,H1G,1M8,H1
13-mars-17,1 salle de bain,Propriétaire,Non,Non,625,3,H3M,2G9,H3
26-févr.-17,1 salle de bain,Propriétaire,Non,Non,550,3,H2E,1C8,H2
16-mars-17,1 salle de bain,Propriétaire,Non,Oui,695,3,H2H,1R9,H2
16-mars-17,1 salle de bain,Professionnel,Oui,Non,680,3,H1W,2X3,H1
16-mars-17,1 salle de bain,Propriétaire,Non,Oui,850,5,H8R,1W8,H8
16-mars-17,1 salle de bain,Professionnel,Non,Non,530,2,H3L,1L3,H3
16-mars-17,1 salle de bain,Professionnel,Non,Non,605,3,H3L,1L3,H3
16-mars-17,1 salle de bain,Professionnel,Non,Non,650,4,H3L,1L3,H3
16-mars-17,1 salle de bain,Professionnel,Non,Non,675,4,H1B,2Z1,H1
16-mars-17,1 salle de bain,Professionnel,Non,Non,660,3,H2N,1X3,H2
16-mars-17,1 salle de bain,Propriétaire,Non,Non,815,3,H4B,1P1,H4
16-mars-17,1 salle de bain,Propriétaire,Non,Non,710,4,H1R,2W4,H1
16-mars-17,1 salle de bain,Propriétaire,Non,Non,1120,4,H2R,2G5,H2
16-mars-17,1 salle de bain,Propriétaire,Non,Non,710,3,H2M,1S7,H2
16-mars-17,1 salle de bain,Propriétaire,Non,Non,630,4,H1K,2X6,H1
16-mars-17,1 salle de bain,Propriétaire,Non,Non,880,4,H1W,2S4,H1
16-mars-17,1 salle de bain,Propriétaire,Non,Non,1140,4,H2L,3S4,H2
16-mars-17,1 salle de bain,Propriétaire,Non,Non,900,4,H2G,2Z1,H2
14-mars-17,1 salle de bain,Professionnel,Oui,Non,650,3,H2L,3Y8,H2
16-mars-17,1 salle de bain,Propriétaire,Non,Non,1100,4,H4B,2E6,H4
16-mars-17,1 salle de bain,Propriétaire,Non,Non,1420,4,H2V,2N9,H2
15-mars-17,1 salle de bain,Propriétaire,Non,Non,850,4,H1M,3E1,H1
16-mars-17,1 salle de bain,Professionnel,Non,Non,1515,5,H2S,2H1,H2
16-mars-17,1 salle de bain,Professionnel,Non,Non,740,4,H1T,3H3,H1
16-mars-17,1 salle de bain,Professionnel,Non,Non,690,5,H1G,3T3,H1
16-mars-17,1 salle de bain,Propriétaire,Non,Oui,595,3,H4E,2C9,H4
16-mars-17,1 salle de bain,Propriétaire,Non,Non,550,3,H1X,1X1,H1
14-mars-17,1 salle de bain,Propriétaire,Non,Non,779,4,H1J,1W6,H1
16-mars-17,1 salle de bain,Propriétaire,Non,Non,700,3,H3L,3L4,H3
16-mars-17,1 salle de bain,Professionnel,Non,Non,585,3,H1X,2G4,H1
16-mars-17,1 salle de bain,Professionnel,Non,Non,635,1,H2J,4A3,H2
16-mars-17,1 salle de bain,Professionnel,Non,Non,625,3,H1N,1K9,H1
16-mars-17,1 salle de bain,Professionnel,Non,Non,515,2,H2P,1Y8,H2
16-mars-17,1 salle de bain,Professionnel,Non,Non,750,4,H1X,2B5,H1
16-mars-17,1 salle de bain,Propriétaire,Oui,Oui,647,3,H8N,0B8,H8
16-mars-17,1 salle de bain,Propriétaire,Non,Non,660,3,H4J,2M7,H4
16-mars-17,1 salle de bain,Professionnel,Non,Non,515,1,H2G,1X3,H2
16-mars-17,1 salle de bain,Professionnel,Non,Oui,1025,3,H3V,1C8,H3
14-mars-17,1 salle de bain,Propriétaire,Non,Non,785,3,H4V,1R9,H4
15-mars-17,1 salle de bain,Propriétaire,Non,Non,660,3,H4L,1J2,H4
15-mars-17,1 salle de bain,Propriétaire,Oui,Non,1000,4,H4R,1K4,H4
16-mars-17,1 salle de bain,Propriétaire,Non,Oui,795,4,H9H,4T1,H9
16-mars-17,1 salle de bain,Propriétaire,Non,Non,585,4,H1V,2E9,H1
16-mars-17,1 salle de bain,Propriétaire,Non,Non,750,4,H4G,1S5,H4
16-mars-17,1 salle de bain,Propriétaire,Non,Non,570,3,H1L,1L1,H1
16-mars-17,1 salle de bain,Propriétaire,Non,Oui,1199,4,H2L,1L4,H2
16-mars-17,1 salle de bain,Propriétaire,Oui,Non,535,3,H8S,1K4,H8
16-mars-17,1 salle de bain,Professionnel,Oui,Non,1095,1,H2W,2E7,H2
15-mars-17,1 salle de bain,Professionnel,Oui,Non,1395,3,H2W,2E7,H2
16-mars-17,1 salle de bain,Professionnel,Non,Non,690,4,H1K,2M4,H1
14-mars-17,1.5 salle de bain,Propriétaire,Non,Non,705,3,H1H,5M3,H1
14-mars-17,1 salle de bain,Professionnel,Oui,Non,610,3,H2L,3Y8,H2
15-mars-17,1 salle de bain,Propriétaire,Oui,Non,490,1,H3X,2J4,H3
15-mars-17,1 salle de bain,Propriétaire,Non,Oui,870,4,H1A,0A2,H1
16-mars-17,1 salle de bain,Propriétaire,Non,Oui,685,3,H1V,3J6,H1
16-mars-17,2,5 salles de bain,Professionnel,Non,Non,2200,5,H3G,1B9,H3
16-mars-17,1 salle de bain,Propriétaire,Non,Non,995,4,H4A,3J5,H4
16-mars-17,1 salle de bain,Propriétaire,Non,Non,720,4,H1K,3C5,H1
16-mars-17,1 salle de bain,Propriétaire,Non,Non,625,3,H8P,3E7,H8
16-mars-17,1 salle de bain,Professionnel,Non,Non,595,1,H2R,2A6,H2
15-mars-17,1 salle de bain,Propriétaire,Oui,Non,540,3,H2N,1Y4,H2
14-mars-17,1 salle de bain,Propriétaire,Non,Non,1650,6,H2J,2Z2,H2
16-mars-17,1 salle de bain,Professionnel,Non,Non,725,4,H1Z,4A8,H1
16-mars-17,2 salles de bain,Professionnel,Non,Non,1200,5,H1Y,2C5,H1
16-mars-17,1 salle de bain,Professionnel,Non,Oui,785,4,H1Y,2C5,H1
16-mars-17,1 salle de bain,Professionnel,Non,Oui,1150,3,H3V,1G8,H3
16-mars-17,1 salle de bain,Propriétaire,Non,Non,730,4,H2M,1N7,H2
14-mars-17,1 salle de bain,Propriétaire,Non,Non,585,3,H1T,1E5,H1
12-mars-17,1 salle de bain,Propriétaire,Oui,Non,1330,3,H2G,1X6,H2
28-févr.-17,2 salles de bain,Propriétaire,Non,Non,1800,5,H1R,0C2,H1
16-mars-17,1 salle de bain,Propriétaire,Non,Non,930,3,H3G,2M2,H3
16-mars-17,1 salle de bain,Propriétaire,Oui,Non,450,2,H2E,2Z5,H2
16-mars-17,1 salle de bain,Propriétaire,Non,Non,1195,5,H2H,1V7,H2
16-mars-17,1 salle de bain,Propriétaire,Non,Non,850,4,H4E,3L4,H4
16-mars-17,1 salle de bain,Propriétaire,Non,Non,800,4,H3S,1T5,H3
16-mars-17,1 salle de bain,Propriétaire,Non,Non,750,3,H2E,1E3,H2
16-mars-17,1 salle de bain,Propriétaire,Non,Non,540,3,H3M,2A8,H3
28-févr.-17,2 salles de bain,Professionnel,Non,Oui,1200,4,H3H,1T5,H3
16-mars-17,1 salle de bain,Propriétaire,Non,Non,745,3,H1X,2R7,H1
16-mars-17,1 salle de bain,Propriétaire,Non,Non,580,2,H4B,2W8,H4
16-mars-17,1 salle de bain,Propriétaire,Non,Non,745,3,H1W,2Y2,H1
16-mars-17,1 salle de bain,Propriétaire,Oui,Non,1400,3,H2S,0B6,H2
16-mars-17,1 salle de bain,Propriétaire,Non,Non,735,4,H8S,1X9,H8
16-mars-17,1 salle de bain,Propriétaire,Non,Non,450,2,H2S,1Y1,H2
16-mars-17,1 salle de bain,Propriétaire,Non,Non,525,3,H3N,2N2,H3
16-mars-17,1 salle de bain,Propriétaire,Non,Non,1490,5,H4P,1T7,H4
16-mars-17,1 salle de bain,Propriétaire,Non,Non,780,4,H2M,1S3,H2
16-mars-17,1 salle de bain,Propriétaire,Non,Non,580,3,H2M,1S3,H2
16-mars-17,1 salle de bain,Propriétaire,Non,Non,830,5,H1G,2E4,H1
16-mars-17,1 salle de bain,Propriétaire,Non,Oui,1010,3,H3H,1L2,H3
20-févr.-17,1 salle de bain,Professionnel,Non,Oui,1095,5,H4B,2X7,H4
15-mars-17,1 salle de bain,Professionnel,Non,Non,900,3,H3V,1B4,H3
06-mars-17,1 salle de bain,Propriétaire,Non,Oui,1850,4,H2J,0A3,H2
16-mars-17,1 salle de bain,Propriétaire,Non,Non,1320,3,H3G,2M5,H3
16-mars-17,1 salle de bain,Propriétaire,Non,Non,1250,6,H2R,2E4,H2
16-mars-17,1 salle de bain,Professionnel,Non,Non,849,3,H4L,5E7,H4
16-mars-17,1 salle de bain,Professionnel,Non,Non,732,2,H2X,2B8,H2
16-mars-17,1 salle de bain,Professionnel,Non,Non,769,2,H4N,1G4,H4
16-mars-17,1 salle de bain,Professionnel,Non,Non,785,3,H4L,1Y9,H4
16-mars-17,1 salle de bain,Professionnel,Non,Non,749,3,H1H,5H1,H1
16-mars-17,1 salle de bain,Professionnel,Non,Non,1175,4,H4L,5E7,H4
16-mars-17,2 salles de bain,Professionnel,Non,Oui,1499,4,H3V,1C8,H3
02-févr.-17,1 salle de bain,Propriétaire,Non,Oui,1575,3,H3A,0A4,H3
15-mars-17,1 salle de bain,Propriétaire,Non,Non,870,4,H2H,2E6,H2
16-mars-17,1 salle de bain,Propriétaire,Non,Non,940,4,H2H,2A4,H2
16-mars-17,1 salle de bain,Propriétaire,Non,Non,975,4,H1N,2R6,H1
16-mars-17,1 salle de bain,Propriétaire,Non,Non,1090,4,H1W,1T4,H1
16-mars-17,1 salle de bain,Propriétaire,Non,Non,650,3,H1L,2P5,H1
16-mars-17,1 salle de bain,Propriétaire,Non,Oui,750,4,H1N,3A3,H1
16-mars-17,1 salle de bain,Propriétaire,Non,Oui,615,4,H1A,1E6,H1
16-mars-17,1 salle de bain,Propriétaire,Oui,Non,650,3,H8P,3E7,H8
16-mars-17,1 salle de bain,Propriétaire,Non,Non,660,4,H1A,2R7,H1
16-mars-17,1 salle de bain,Propriétaire,Non,Non,1020,4,H2T,3A2,H2
16-mars-17,1 salle de bain,Propriétaire,Non,Non,580,4,H8S,3W4,H8
16-mars-17,1 salle de bain,Propriétaire,Non,Non,950,5,H1R,3L9,H1
16-mars-17,1 salle de bain,Propriétaire,Non,Oui,895,4,H1P,2E7,H1
16-mars-17,1 salle de bain,Propriétaire,Non,Non,1290,5,H2K,2T6,H2
16-mars-17,1 salle de bain,Propriétaire,Oui,Non,625,3,H1W,2Y9,H1
16-mars-17,1 salle de bain,Propriétaire,Non,Non,650,3,H4B,2W8,H4
16-mars-17,1 salle de bain,Propriétaire,Oui,Non,1200,4,H2L,3J2,H2
16-mars-17,1 salle de bain,Propriétaire,Non,Non,900,4,H8P,3E7,H8
16-mars-17,1 salle de bain,Propriétaire,Non,Oui,890,5,H1L,2R9,H1
16-mars-17,1 salle de bain,Propriétaire,Non,Non,570,3,H1L,1E1,H1
16-mars-17,1 salle de bain,Propriétaire,Non,Non,750,4,H8R,1M9,H8
16-mars-17,1 salle de bain,Propriétaire,Non,Non,910,5,H1R,3L9,H1
16-mars-17,1 salle de bain,Propriétaire,Non,Non,675,2,H3T,1K1,H3
13-mars-17,1 salle de bain,Propriétaire,Non,Non,665,3,H3S,1L5,H3
13-mars-17,1 salle de bain,Propriétaire,Non,Non,1500,6,H3X,2P7,H3
16-mars-17,1 salle de bain,Professionnel,Non,Non,950,3,H4W,2Y1,H4
16-mars-17,1 salle de bain,Professionnel,Non,Non,735,3,H1K,4G1,H1
16-mars-17,1.5 salle de bain,Professionnel,Non,Non,1300,4,H1N,1K3,H1
16-mars-17,1 salle de bain,Propriétaire,Oui,Oui,789,2,H3E,1C4,H3
16-mars-17,1 salle de bain,Propriétaire,Non,Non,946,4,H2E,2Y7,H2
16-mars-17,1 salle de bain,Propriétaire,Non,Non,995,4,H4H,1L7,H4
16-mars-17,1 salle de bain,Propriétaire,Non,Oui,890,2,H3V,1G2,H3
16-mars-17,1 salle de bain,Propriétaire,Non,Non,795,5,H8S,3V2,H8
15-mars-17,1 salle de bain,Propriétaire,Non,Non,800,5,H4E,2L9,H4
16-mars-17,1 salle de bain,Propriétaire,Non,Non,945,5,H1T,3H7,H1
10-mars-17,1 salle de bain,Professionnel,Non,Oui,2119,5,H2P,2H4,H2
16-mars-17,1 salle de bain,Propriétaire,Non,Non,750,3,H1E,3B5,H1
16-mars-17,1 salle de bain,Propriétaire,Oui,Non,970,5,H4V,2L1,H4
16-mars-17,1 salle de bain,Propriétaire,Non,Non,765,4,H1X,2R4,H1
15-mars-17,1 salle de bain,Propriétaire,Non,Non,800,3,H2G,2X7,H2
16-mars-17,1 salle de bain,Propriétaire,Non,Non,600,3,H9B,1C8,H9
16-mars-17,1 salle de bain,Propriétaire,Non,Oui,865,3,H4B,1P5,H4
16-mars-17,1 salle de bain,Propriétaire,Non,Non,550,2,H2A,1Z9,H2
16-mars-17,1 salle de bain,Propriétaire,Non,Non,840,5,H1G,5N7,H1
15-mars-17,1 salle de bain,Propriétaire,Non,Non,875,3,H1W,1S3,H1
16-mars-17,1 salle de bain,Propriétaire,Non,Non,1030,4,H1R,2W2,H1
16-mars-17,1 salle de bain,Propriétaire,Non,Oui,1015,4,H4B,1P5,H4
16-mars-17,1 salle de bain,Propriétaire,Non,Non,725,4,H1L,2K6,H1
16-mars-17,1 salle de bain,Propriétaire,Non,Oui,770,4,H1L,3L1,H1
16-mars-17,1 salle de bain,Propriétaire,Non,Oui,600,2,H2K,3T8,H2
16-mars-17,1 salle de bain,Propriétaire,Non,Oui,1214,3,H2R,1W6,H2
16-mars-17,1 salle de bain,Propriétaire,Non,Non,780,3,H3X,2E1,H3
16-mars-17,1 salle de bain,Propriétaire,Non,Non,780,3,H3T,1K5,H3
16-mars-17,1 salle de bain,Propriétaire,Non,Non,680,2,H3T,1K5,H3
16-mars-17,1 salle de bain,Propriétaire,Non,Oui,1400,5,H2V,1N7,H2
16-mars-17,1,5 salle de bain,Propriétaire,Non,Non,675,4,H1K,3X2,H1
16-mars-17,1,5 salle de bain,Propriétaire,Non,Non,1140,4,H1L,5M3,H1
16-mars-17,1 salle de bain,Propriétaire,Non,Non,710,4,H3S,1K6,H3
16-mars-17,1 salle de bain,Propriétaire,Non,Non,648,4,H3W,1E2,H3
16-mars-17,1 salle de bain,Propriétaire,Non,Non,1250,5,H2H,2G7,H2
16-mars-17,1 salle de bain,Professionnel,Non,Non,430,2,H1G,2Y2,H1
16-mars-17,1 salle de bain,Propriétaire,Non,Non,880,5,H1L,4L2,H1
16-mars-17,1 salle de bain,Professionnel,Non,Non,655,2,H3T,1J8,H3
16-mars-17,1 salle de bain,Professionnel,Non,Non,900,4,H3T,1J8,H3
16-mars-17,1 salle de bain,Professionnel,Non,Non,810,3,H3T,1J8,H3
16-mars-17,1 salle de bain,Professionnel,Non,Non,680,3,H1V,2W8,H1
16-mars-17,1 salle de bain,Professionnel,Non,Non,925,4,H2L,1M5,H2
16-mars-17,1 salle de bain,Professionnel,Non,Non,585,2,H2L,1M5,H2
16-mars-17,1 salle de bain,Professionnel,Non,Non,595,2,H2L,1M5,H2
16-mars-17,1 salle de bain,Professionnel,Non,Non,480,1,H3L,3L6,H3
16-mars-17,1 salle de bain,Professionnel,Non,Non,400,1,H1H,4L7,H1
16-mars-17,1 salle de bain,Propriétaire,Non,Non,630,3,H1T,2L2,H1
16-mars-17,1 salle de bain,Professionnel,Non,Non,770,5,H1G,2Y2,H1
16-mars-17,2 salles de bain,Propriétaire,Non,Non,1300,5,H1T,2Z9,H1
16-mars-17,1 salle de bain,Propriétaire,Non,Non,630,3,H1E,3N2,H1
16-mars-17,1 salle de bain,Propriétaire,Non,Oui,710,4,H2G,3B7,H2
15-mars-17,1 salle de bain,Propriétaire,Non,Non,700,4,H2A,2W4,H2
16-mars-17,1 salle de bain,Propriétaire,Non,Oui,760,4,H4G,3C4,H4
16-mars-17,1 salle de bain,Propriétaire,Non,Non,590,3,H3N,2L1,H3
16-mars-17,1 salle de bain,Propriétaire,Non,Non,660,3,H1H,5J4,H1
16-mars-17,2 salles de bain,Propriétaire,Non,Non,2180,7,H2V,3C6,H2
16-mars-17,1 salle de bain,Professionnel,Non,Oui,1205,4,H2K,4M1,H2
16-mars-17,1 salle de bain,Professionnel,Non,Oui,1045,3,H2K,4M1,H2
16-mars-17,1 salle de bain,Professionnel,Non,Non,705,3,H2L,2V7,H2
16-mars-17,1 salle de bain,Propriétaire,Non,Oui,680,3,H2J,3N4,H2
16-mars-17,1 salle de bain,Propriétaire,Oui,Non,485,2,H1X,1X4,H1
16-mars-17,1 salle de bain,Propriétaire,Non,Non,940,5,H1R,1B5,H1
16-mars-17,1 salle de bain,Propriétaire,Non,Non,665,4,H1L,5S8,H1
16-mars-17,1 salle de bain,Propriétaire,Non,Oui,856,3,H1A,5S2,H1
16-mars-17,1 salle de bain,Propriétaire,Non,Non,740,4,H8P,1X1,H8
16-mars-17,1 salle de bain,Propriétaire,Non,Non,1000,5,H1W,3P6,H1
25-févr.-17,1 salle de bain,Professionnel,Non,Non,1250,4,H1H,1J7,H1
16-mars-17,1 salle de bain,Propriétaire,Non,Non,1100,4,H4N,2Z1,H4
16-mars-17,1 salle de bain,Propriétaire,Oui,Non,700,2,H1R,1B5,H1
16-mars-17,1 salle de bain,Professionnel,Non,Oui,1250,4,H7G,2Z7,H7
16-mars-17,1 salle de bain,Propriétaire,Non,Oui,1055,3,H3E,1E6,H3
16-mars-17,1 salle de bain,Propriétaire,Non,Oui,850,4,H2B,1P4,H2
16-mars-17,1 salle de bain,Propriétaire,Non,Non,825,4,H4G,1J9,H4
16-mars-17,1 salle de bain,Propriétaire,Non,Non,750,4,H1M,1R1,H1
01-mars-17,1 salle de bain,Propriétaire,Oui,Non,725,3,H1M,1Y9,H1
16-mars-17,1 salle de bain,Propriétaire,Non,Non,780,4,H1X,1Y9,H1
16-mars-17,1 salle de bain,Propriétaire,Non,Non,670,3,H4G,1J1,H4
16-mars-17,1 salle de bain,Professionnel,Non,Oui,1050,5,H1X,2N6,H1
16-mars-17,1 salle de bain,Propriétaire,Non,Non,1450,5,H2K,3N5,H2
16-mars-17,1 salle de bain,Propriétaire,Non,Non,820,4,H3S,1T5,H3
16-mars-17,1 salle de bain,Professionnel,Oui,Non,1360,4,H2J,1K7,H2
16-mars-17,1 salle de bain,Professionnel,Non,Non,735,3,H3T,1X7,H3
16-mars-17,1 salle de bain,Professionnel,Non,Non,1060,4,H2S,2R4,H2
16-mars-17,2 salles de bain,Professionnel,Oui,Oui,3800,4,H3G,2X1,H3
15-mars-17,1 salle de bain,Propriétaire,Oui,Non,1975,4,H2V,3Y4,H2
14-mars-17,1,5 salle de bain,Professionnel,Non,Non,845,3,H2S,2W4,H2
16-mars-17,1 salle de bain,Propriétaire,Non,Non,540,1,H3S,1J1,H3
16-mars-17,1 salle de bain,Propriétaire,Non,Non,640,3,H3L,3L4,H3
16-mars-17,1 salle de bain,Propriétaire,Non,Non,740,4,H3L,3L4,H3
16-mars-17,1 salle de bain,Propriétaire,Non,Non,750,4,H1S,1Y2,H1
16-mars-17,1 salle de bain,Propriétaire,Non,Non,800,5,H3N,2J4,H3
16-mars-17,1 salle de bain,Propriétaire,Oui,Non,835,1,H3H,2M1,H3
16-mars-17,1 salle de bain,Propriétaire,Non,Non,660,3,H2E,2M3,H2
16-mars-17,1 salle de bain,Propriétaire,Non,Non,700,4,H4J,1S5,H4
16-mars-17,1 salle de bain,Propriétaire,Non,Non,500,2,H1G,3W8,H1
16-mars-17,1 salle de bain,Professionnel,Non,Non,895,3,H3S,2N8,H3
16-mars-17,1 salle de bain,Propriétaire,Non,Non,900,5,H1W,3W3,H1
16-mars-17,1 salle de bain,Propriétaire,Non,Non,1050,5,H4G,2X4,H4
16-mars-17,1 salle de bain,Propriétaire,Non,Oui,750,4,H1B,4S7,H1
16-mars-17,1 salle de bain,Propriétaire,Non,Non,740,4,H1Y,3E4,H1
16-mars-17,1 salle de bain,Propriétaire,Non,Non,650,4,H1B,2S2,H1
16-mars-17,1,5 salle de bain,Propriétaire,Oui,Non,800,2,H2W,1R1,H2
16-mars-17,1 salle de bain,Propriétaire,Non,Oui,665,3,H4G,1G3,H4
16-mars-17,1 salle de bain,Propriétaire,Non,Non,560,3,H4J,1J7,H4
16-mars-17,2 salles de bain,Propriétaire,Non,Non,970,4,H2J,1L8,H2
16-mars-17,1,5 salle de bain,Professionnel,Non,Non,1475,4,H3G,1B9,H3
16-mars-17,1 salle de bain,Professionnel,Non,Non,1250,4,H3S,2N8,H3
15-mars-17,1 salle de bain,Propriétaire,Non,Non,500,3,H1Z,1P6,H1
16-mars-17,1 salle de bain,Propriétaire,Non,Non,800,4,H2K,3C3,H2
16-mars-17,1 salle de bain,Propriétaire,Non,Oui,1050,3,H1V,2L4,H1
16-mars-17,1 salle de bain,Propriétaire,Non,Non,860,4,H1X,1A5,H1
16-mars-17,1 salle de bain,Propriétaire,Non,Non,1300,5,H1W,3Y9,H1
16-mars-17,1 salle de bain,Propriétaire,Non,Non,775,4,H2K,3C3,H2
15-mars-17,1 salle de bain,Propriétaire,Oui,Non,1500,3,H3H,2R7,H3
15-mars-17,1 salle de bain,Propriétaire,Non,Non,775,4,H2K,3C3,H2
15-mars-17,1 salle de bain,Propriétaire,Oui,Non,650,3,H1T,3G6,H1
15-mars-17,1 salle de bain,Propriétaire,Non,Non,640,3,H1H,1A3,H1
15-mars-17,1 salle de bain,Propriétaire,Non,Non,1000,4,H2X,1H7,H2
15-mars-17,1 salle de bain,Propriétaire,Non,Oui,725,3,H1T,2A8,H1
12-mars-17,1 salle de bain,Propriétaire,Non,Non,1350,5,H4G,1A4,H4
15-mars-17,1 salle de bain,Propriétaire,Non,Non,1180,4,H2L,3S4,H2
15-mars-17,1 salle de bain,Propriétaire,Oui,Non,1100,3,H2R,2G7,H2
15-mars-17,1 salle de bain,Propriétaire,Oui,Non,2550,7,H2X,1H7,H2
15-mars-17,1 salle de bain,Propriétaire,Non,Non,750,4,H4B,2X9,H4
15-mars-17,1 salle de bain,Propriétaire,Non,Non,515,1,H3N,1E3,H3
15-mars-17,1 salle de bain,Propriétaire,Oui,Non,800,4,H4B,2W9,H4
15-mars-17,1 salle de bain,Propriétaire,Oui,Non,860,3,H1Y,2G9,H1
15-mars-17,1 salle de bain,Propriétaire,Non,Non,1700,5,H4R,0E6,H4
15-mars-17,1 salle de bain,Propriétaire,Oui,Non,1200,3,H2X,1G9,H2
15-mars-17,1 salle de bain,Propriétaire,Non,Oui,750,3,H1H,1E5,H1
15-mars-17,1 salle de bain,Propriétaire,Oui,Non,1650,3,H3C,2A6,H3
15-mars-17,1 salle de bain,Propriétaire,Non,Non,735,3,H3S,1X4,H3
15-mars-17,1 salle de bain,Propriétaire,Non,Oui,1120,2,H3C,0P8,H3
15-mars-17,1 salle de bain,Propriétaire,Non,Non,685,3,H3M,2A4,H3
15-mars-17,1 salle de bain,Propriétaire,Non,Non,825,4,H1L,3B1,H1
15-mars-17,1 salle de bain,Propriétaire,Non,Non,1015,3,H2J,3T1,H2
15-mars-17,1 salle de bain,Propriétaire,Oui,Non,1100,3,H2J,1E5,H2
15-mars-17,1 salle de bain,Professionnel,Non,Non,735,3,H2J,3W8,H2
15-mars-17,1 salle de bain,Propriétaire,Non,Oui,825,4,H1W,3E7,H1
15-mars-17,1 salle de bain,Propriétaire,Oui,Oui,1200,3,H2H,2C1,H2
15-mars-17,1 salle de bain,Propriétaire,Oui,Non,1200,3,H3H,2S8,H3
15-mars-17,1 salle de bain,Propriétaire,Non,Non,950,3,H2T,1R8,H2
15-mars-17,1 salle de bain,Propriétaire,Oui,Non,1000,3,H3V,1C7,H3
15-mars-17,1 salle de bain,Propriétaire,Non,Non,1450,4,H2S,1E3,H2
15-mars-17,1 salle de bain,Propriétaire,Oui,Non,1600,6,H2R,2E8,H2
15-mars-17,1 salle de bain,Propriétaire,Non,Oui,427.5,4,H3X,2G2,H3
15-mars-17,1 salle de bain,Propriétaire,Non,Non,1025,4,H4J,2M2,H4
15-mars-17,1 salle de bain,Propriétaire,Non,Non,800,3,H3X,1Z3,H3
15-mars-17,1 salle de bain,Propriétaire,Non,Non,1195,5,H2H,1V7,H2
15-mars-17,1 salle de bain,Propriétaire,Oui,Non,650,2,H3L,2H7,H3
15-mars-17,1 salle de bain,Propriétaire,Non,Non,1190,5,H2H,1Z9,H2
15-mars-17,1 salle de bain,Propriétaire,Non,Non,540,1,H3S,1J1,H3
15-mars-17,1 salle de bain,Propriétaire,Non,Non,675,3,H1B,2Z1,H1
15-mars-17,1 salle de bain,Professionnel,Non,Non,835,4,H4G,3C8,H4
15-mars-17,1 salle de bain,Propriétaire,Non,Non,900,4,H3W,1R1,H3
15-mars-17,1 salle de bain,Propriétaire,Non,Non,1200,6,H8P,2L8,H8
15-mars-17,1 salle de bain,Propriétaire,Non,Non,640,3,H1B,4R4,H1
15-mars-17,1 salle de bain,Propriétaire,Non,Non,1150,6,H4E,1Z9,H4
15-mars-17,1 salle de bain,Propriétaire,Non,Non,595,3,H1L,4X7,H1
15-mars-17,1 salle de bain,Propriétaire,Non,Non,700,4,H1G,1M8,H1
15-mars-17,1 salle de bain,Propriétaire,Non,Non,905,4,H3S,1G2,H3
15-mars-17,1 salle de bain,Propriétaire,Non,Non,975,4,H1K,2K3,H1
15-mars-17,1 salle de bain,Propriétaire,Non,Non,665,4,H1G,4L3,H1
15-mars-17,1 salle de bain,Propriétaire,Oui,Oui,960,4,H3S,1P3,H3
23-févr.-17,1 salle de bain,Professionnel,Non,Non,700,4,H8S,1K9,H8
13-mars-17,1 salle de bain,Propriétaire,Non,Non,950,3,H2X,2Y4,H2
16-mars-17,1 salle de bain,Professionnel,Non,Non,1025,3,H3H,1Y3,H3
15-mars-17,1 salle de bain,Propriétaire,Non,Non,805,3,H3S,1G2,H3
15-mars-17,1 salle de bain,Propriétaire,Non,Non,850,3,H1X,2A5,H1
15-mars-17,1 salle de bain,Propriétaire,Non,Non,650,3,H1K,2N9,H1
15-mars-17,1 salle de bain,Propriétaire,Oui,Non,895,2,H3H,2N4,H3
15-mars-17,1 salle de bain,Propriétaire,Non,Non,1300,5,H1X,2A5,H1
15-mars-17,1 salle de bain,Propriétaire,Non,Non,780,5,H1J,1W9,H1
15-mars-17,1 salle de bain,Propriétaire,Non,Oui,615,4,H1G,6B5,H1
15-mars-17,1 salle de bain,Propriétaire,Non,Non,830,5,H4H,2H3,H4
15-mars-17,1 salle de bain,Propriétaire,Non,Non,950,5,H1K,2N9,H1
15-mars-17,1 salle de bain,Propriétaire,Non,Non,570,3,H2A,3K5,H2
15-mars-17,1 salle de bain,Propriétaire,Non,Non,760,5,H1G,5E9,H1
15-mars-17,1 salle de bain,Propriétaire,Non,Oui,980,5,H4A,3K8,H4
09-mars-17,1 salle de bain,Professionnel,Oui,Non,1055,5,H4B,1R7,H4
15-mars-17,1 salle de bain,Propriétaire,Non,Non,800,4,H4E,3G3,H4
15-mars-17,1 salle de bain,Propriétaire,Non,Non,570,3,H1B,4E1,H1
15-mars-17,1 salle de bain,Propriétaire,Non,Oui,650,3,H2G,2W8,H2
15-mars-17,1 salle de bain,Propriétaire,Oui,Non,725,5,H4V,2M5,H4
15-mars-17,1 salle de bain,Propriétaire,Non,Non,2100,7,H2V,3N5,H2
15-mars-17,1 salle de bain,Professionnel,Oui,Oui,735,3,H2S,2L6,H2
15-mars-17,1 salle de bain,Propriétaire,Non,Oui,1455,6,H3C,2A6,H3
15-mars-17,1,5 salle de bain,Propriétaire,Non,Non,650,4,H1G,6A6,H1
15-mars-17,1 salle de bain,Propriétaire,Non,Non,1273,4,H2S,1B9,H2
15-mars-17,1 salle de bain,Propriétaire,Non,Non,1232,7,H1W,3B4,H1
15-mars-17,1 salle de bain,Propriétaire,Non,Oui,998,3,H2K,4M1,H2
13-mars-17,1 salle de bain,Propriétaire,Non,Non,1200,4,H2X,2Y4,H2
15-mars-17,1 salle de bain,Propriétaire,Oui,Non,1250,3,H2L,2M5,H2
15-mars-17,1 salle de bain,Propriétaire,Oui,Non,1400,4,H2K,3V8,H2
15-mars-17,1 salle de bain,Propriétaire,Non,Non,900,6,H1T,3G5,H1
15-mars-17,1 salle de bain,Propriétaire,Oui,Oui,650,4,H1L,3B1,H1
10-mars-17,1 salle de bain,Professionnel,Oui,Oui,780,3,H3V,1H5,H3
15-mars-17,1 salle de bain,Propriétaire,Oui,Non,714,3,H2H,1C9,H2
15-mars-17,1 salle de bain,Propriétaire,Non,Non,480,3,H1Z,3C5,H1
15-mars-17,1 salle de bain,Propriétaire,Non,Non,795,4,H1X,2G8,H1
15-mars-17,2 salles de bain,Propriétaire,Non,Non,1026,4,H3S,2L4,H3
15-mars-17,1 salle de bain,Propriétaire,Non,Non,590,4,H1G,3M4,H1
15-mars-17,1 salle de bain,Propriétaire,Non,Non,570,3,H1E,6X2,H1
15-mars-17,1 salle de bain,Propriétaire,Oui,Non,885,3,H2H,2L6,H2
15-mars-17,1 salle de bain,Propriétaire,Non,Non,1545,5,H2L,3Z1,H2
15-mars-17,1 salle de bain,Propriétaire,Non,Oui,975,5,H1M,2M8,H1
15-mars-17,2 salles de bain,Propriétaire,Non,Non,1700,5,H1S,3A9,H1
15-mars-17,1 salle de bain,Propriétaire,Non,Non,620,3,H4G,1T2,H4
25-févr.-17,1 salle de bain,Propriétaire,Non,Non,825,5,H1E,6X3,H1
15-mars-17,1 salle de bain,Propriétaire,Non,Non,680,4,H1Y,1R3,H1
15-mars-17,1 salle de bain,Propriétaire,Non,Non,700,4,H1H,5J5,H1
15-mars-17,1 salle de bain,Propriétaire,Oui,Oui,795,4,H8S,1R4,H8
15-mars-17,2 salles de bain,Propriétaire,Non,Non,1320,4,H4W,1S9,H4
15-mars-17,1 salle de bain,Propriétaire,Oui,Non,1190,4,H4E,1B2,H4
15-mars-17,1 salle de bain,Propriétaire,Non,Non,960,5,H1M,2M7,H1
15-mars-17,1 salle de bain,Propriétaire,Non,Non,765,5,H1L,3P2,H1
15-mars-17,1 salle de bain,Professionnel,Non,Non,700,3,H2G,1N7,H2
15-mars-17,1 salle de bain,Professionnel,Non,Non,625,2,H2S,2E8,H2
15-mars-17,1 salle de bain,Professionnel,Non,Non,875,4,H1W,2S7,H1
15-mars-17,1 salle de bain,Professionnel,Non,Non,900,4,H2G,1N7,H2
15-mars-17,1 salle de bain,Professionnel,Non,Non,875,4,H2G,1N7,H2
15-mars-17,1 salle de bain,Professionnel,Non,Non,585,2,H1W,2S7,H1
15-mars-17,1 salle de bain,Propriétaire,Non,Non,700,3,H2X,2L2,H2
15-mars-17,1 salle de bain,Propriétaire,Non,Non,490,3,H3N,2S3,H3
15-mars-17,2 salles de bain,Propriétaire,Non,Oui,1600,8,H1W,1Z9,H1
15-mars-17,1 salle de bain,Propriétaire,Non,Non,675,3,H1T,1W6,H1
15-mars-17,1 salle de bain,Propriétaire,Non,Non,875,4,H1T,1W6,H1
15-mars-17,1 salle de bain,Propriétaire,Non,Non,840,5,H1B,4L8,H1
15-mars-17,1 salle de bain,Propriétaire,Non,Non,600,2,H1M,2X1,H1
15-mars-17,1 salle de bain,Professionnel,Non,Non,825,3,H3S,1R3,H3
16-mars-17,1 salle de bain,Professionnel,Non,Non,875,2,H3G,1B9,H3
15-mars-17,1 salle de bain,Professionnel,Non,Non,1100,5,H3S,1T5,H3
15-mars-17,1 salle de bain,Professionnel,Non,Non,600,1,H3S,1X4,H3
15-mars-17,1 salle de bain,Professionnel,Non,Non,935,4,H3T,1H7,H3
15-mars-17,1 salle de bain,Propriétaire,Non,Oui,795,4,H1T,3H4,H1
15-mars-17,1 salle de bain,Propriétaire,Oui,Oui,550,4,H3L,2G4,H3
15-mars-17,1 salle de bain,Propriétaire,Non,Non,525,1,H3S,1K3,H3
15-mars-17,1 salle de bain,Propriétaire,Oui,Oui,690,3,H4X,2A4,H4
15-mars-17,1 salle de bain,Propriétaire,Non,Non,950,5,H1Y,2C9,H1
15-mars-17,1 salle de bain,Propriétaire,Non,Non,1005,4,H1Y,2K1,H1
15-mars-17,1 salle de bain,Professionnel,Non,Non,1050,3,H2X,2B9,H2
15-mars-17,1 salle de bain,Propriétaire,Non,Non,725,4,H1H,2K6,H1
15-mars-17,1 salle de bain,Propriétaire,Non,Oui,1560,6,H2H,1Z4,H2
15-mars-17,1 salle de bain,Propriétaire,Non,Non,680,3,H1V,2E7,H1
15-mars-17,1 salle de bain,Propriétaire,Non,Non,1000,5,H1L,4P2,H1
15-mars-17,1 salle de bain,Propriétaire,Non,Non,500,1,H1V,2E7,H1
15-mars-17,1 salle de bain,Propriétaire,Non,Oui,680,4,H1B,3S7,H1
15-mars-17,1 salle de bain,Propriétaire,Non,Oui,1295,4,H4A,3H3,H4
15-mars-17,1 salle de bain,Propriétaire,Non,Non,875,4,H3N,2B9,H3
15-mars-17,1 salle de bain,Professionnel,Non,Non,650,4,H1G,2Y2,H1
15-mars-17,1 salle de bain,Propriétaire,Non,Non,650,4,H4V,1X7,H4
15-mars-17,1 salle de bain,Propriétaire,Oui,Oui,635,3,H3S,1T1,H3
13-mars-17,1 salle de bain,Propriétaire,Non,Oui,775,4,H1B,5C5,H1
15-mars-17,1 salle de bain,Propriétaire,Non,Non,800,4,H8P,2T6,H8
15-mars-17,1 salle de bain,Propriétaire,Non,Non,585,3,H1B,4E1,H1
15-mars-17,1 salle de bain,Propriétaire,Non,Non,1550,4,H4P,0A8,H4
15-mars-17,1 salle de bain,Propriétaire,Non,Oui,695,5,H1G,1M8,H1
15-mars-17,1 salle de bain,Propriétaire,Non,Non,500,3,H1G,6A6,H1
15-mars-17,1 salle de bain,Propriétaire,Non,Non,655,1,H3H,1H1,H3
15-mars-17,1 salle de bain,Propriétaire,Non,Oui,850,4,H4G,2W5,H4
15-mars-17,1 salle de bain,Propriétaire,Non,Oui,625,4,H1G,5Z1,H1
15-mars-17,1 salle de bain,Propriétaire,Non,Non,975,5,H1R,1C9,H1
15-mars-17,1 salle de bain,Propriétaire,Oui,Oui,860,3,H2H,1X1,H2
25-janv.-17,1 salle de bain,Propriétaire,Non,Non,1050,3,H4W,1B4,H4
15-mars-17,1 salle de bain,Propriétaire,Non,Non,610,3,H1G,2N9,H1
15-mars-17,1 salle de bain,Propriétaire,Non,Non,735,4,H1R,1A9,H1
15-mars-17,1 salle de bain,Propriétaire,Non,Non,480,2,H1G,2N9,H1
15-mars-17,1 salle de bain,Professionnel,Non,Non,520,4,H1G,2Y2,H1
15-mars-17,1 salle de bain,Propriétaire,Non,Oui,780,3,H2H,2C1,H2
15-mars-17,1 salle de bain,Propriétaire,Non,Non,680,3,H1X,2E3,H1
15-mars-17,1 salle de bain,Propriétaire,Non,Non,1200,5,H1S,3B9,H1
15-mars-17,1 salle de bain,Propriétaire,Non,Oui,1070,4,H3N,2H5,H3
07-mars-17,1 salle de bain,Propriétaire,Non,Non,1250,3,H3V,1B1,H3
15-mars-17,1 salle de bain,Propriétaire,Non,Oui,605,4,H1L,3C2,H1
15-mars-17,1 salle de bain,Propriétaire,Non,Non,650,3,H1X,2J4,H1
15-mars-17,1 salle de bain,Propriétaire,Non,Non,675,3,H1T,3J3,H1
15-mars-17,1 salle de bain,Propriétaire,Non,Oui,995,5,H2K,3E6,H2
15-mars-17,1 salle de bain,Propriétaire,Non,Non,595,3,H1S,2N4,H1
15-mars-17,1 salle de bain,Propriétaire,Non,Non,1000,5,H2P,2S1,H2
15-mars-17,1 salle de bain,Propriétaire,Oui,Oui,620,3,H1V,2E7,H1
15-mars-17,1 salle de bain,Propriétaire,Non,Oui,815,5,H1K,2N1,H1
15-mars-17,1 salle de bain,Propriétaire,Non,Non,1323,6,H4A,3J3,H4
15-mars-17,1 salle de bain,Propriétaire,Non,Oui,660,4,H1Z,1H3,H1
15-mars-17,1 salle de bain,Propriétaire,Non,Non,785,4,H4G,1S3,H4
15-mars-17,1 salle de bain,Propriétaire,Non,Oui,1000,3,H3G,1Y3,H3
15-mars-17,1 salle de bain,Propriétaire,Non,Non,915,4,H1N,1G2,H1
11-mars-17,1 salle de bain,Propriétaire,Non,Non,780,4,H1G,3R4,H1
15-mars-17,1 salle de bain,Professionnel,Non,Non,790,5,H1G,2Y2,H1
15-mars-17,1 salle de bain,Propriétaire,Non,Non,810,3,H1V,2C5,H1
15-mars-17,1 salle de bain,Propriétaire,Non,Non,1100,4,H1X,3K2,H1
15-mars-17,1 salle de bain,Propriétaire,Oui,Non,700,3,H4J,2L7,H4
15-mars-17,1 salle de bain,Professionnel,Non,Non,880,4,H2G,3B6,H2
15-mars-17,1 salle de bain,Propriétaire,Non,Non,700,3,H4M,1T8,H4
15-mars-17,1 salle de bain,Propriétaire,Non,Oui,640,4,H1G,1K5,H1
15-mars-17,1 salle de bain,Propriétaire,Non,Non,1050,4,H3W,2H5,H3
15-mars-17,1 salle de bain,Propriétaire,Non,Non,815,4,H2E,2B1,H2
15-mars-17,1 salle de bain,Propriétaire,Non,Oui,1325,5,H2K,4E8,H2
15-mars-17,1 salle de bain,Propriétaire,Non,Oui,540,3,H1G,1K5,H1
15-mars-17,1 salle de bain,Propriétaire,Oui,Non,540,2,H1W,2Z4,H1
15-mars-17,1 salle de bain,Propriétaire,Non,Non,800,5,H1W,3R4,H1
15-mars-17,1 salle de bain,Propriétaire,Non,Non,595,2,H4B,2K1,H4
15-mars-17,1 salle de bain,Propriétaire,Non,Non,565,3,H2C,1H9,H2
15-mars-17,1 salle de bain,Propriétaire,Non,Non,725,5,H1G,3M4,H1
15-mars-17,1 salle de bain,Propriétaire,Non,Non,1150,5,H1M,1H6,H1
15-mars-17,1 salle de bain,Professionnel,Non,Non,940,4,H2G,3B6,H2
15-mars-17,1 salle de bain,Professionnel,Non,Non,700,4,H1G,2Y2,H1
15-mars-17,1 salle de bain,Propriétaire,Oui,Oui,1100,5,H1W,3A8,H1
06-mars-17,1 salle de bain,Propriétaire,Non,Non,650,3,H1H,5H1,H1
15-mars-17,1 salle de bain,Propriétaire,Non,Non,630,3,H2P,1Y8,H2
15-mars-17,1,5 salle de bain,Propriétaire,Non,Non,525,2,H8S,1E5,H8
15-mars-17,1 salle de bain,Propriétaire,Non,Non,725,4,H2P,1Y8,H2
15-mars-17,1,5 salle de bain,Propriétaire,Non,Non,825,5,H8S,1E5,H8
15-mars-17,1 salle de bain,Propriétaire,Non,Non,725,4,H3L,2V2,H3
15-mars-17,1 salle de bain,Propriétaire,Non,Non,1100,5,H1A,2Z2,H1
15-mars-17,1 salle de bain,Propriétaire,Non,Non,800,4,H2K,2V7,H2
15-mars-17,1 salle de bain,Professionnel,Non,Oui,899,3,H4G,2B1,H4
15-mars-17,1 salle de bain,Professionnel,Non,Oui,1225,3,H2L,1J8,H2
15-mars-17,1 salle de bain,Professionnel,Non,Oui,1649,4,H2L,1J8,H2
07-mars-17,1 salle de bain,Propriétaire,Oui,Non,550,2,H1W,1H4,H1
15-mars-17,1 salle de bain,Propriétaire,Non,Non,695,4,H8R,1M8,H8
15-mars-17,1 salle de bain,Professionnel,Non,Oui,1695,3,H2Z,0A2,H2
15-mars-17,1 salle de bain,Professionnel,Non,Oui,1999,4,H3H,2P1,H3
16-mars-17,1 salle de bain,Professionnel,Non,Non,1225,3,H3G,1B9,H3
14-mars-17,1 salle de bain,Propriétaire,Non,Oui,650,4,H1T,2C6,H1
15-mars-17,1,5 salle de bain,Professionnel,Oui,Oui,1999,4,H3G,1A9,H3
15-mars-17,1 salle de bain,Professionnel,Non,Oui,1299,3,H3G,1A9,H3
15-mars-17,1 salle de bain,Professionnel,Non,Oui,1199,2,H3G,1A9,H3
15-mars-17,1 salle de bain,Professionnel,Non,Oui,1575,3,H3G,1A9,H3
15-mars-17,1 salle de bain,Propriétaire,Oui,Non,1470,4,H3T,1L2,H3
15-mars-17,1 salle de bain,Propriétaire,Oui,Non,1500,6,H2E,2C9,H2
15-mars-17,1 salle de bain,Propriétaire,Non,Non,725,4,H7K,2M1,H7
15-mars-17,1 salle de bain,Propriétaire,Non,Non,600,1,H2R,2G2,H2
15-mars-17,1 salle de bain,Propriétaire,Non,Oui,790,3,H2S,2S7,H2
15-mars-17,1 salle de bain,Propriétaire,Non,Non,510,1,H1S,2Y9,H1
15-mars-17,1 salle de bain,Propriétaire,Non,Non,1050,4,H2R,2C5,H2
15-mars-17,1 salle de bain,Professionnel,Non,Non,2150,4,H3A,1J3,H3
15-mars-17,1 salle de bain,Professionnel,Non,Non,795,3,H1L,0A5,H1
15-mars-17,1 salle de bain,Propriétaire,Non,Non,1050,4,H3K,1W6,H3
15-mars-17,1 salle de bain,Propriétaire,Non,Non,665,3,H4E,3Z1,H4
15-mars-17,1 salle de bain,Professionnel,Non,Non,925,3,H3Z,2H8,H3
15-mars-17,1 salle de bain,Professionnel,Non,Non,1850,5,H2X,2E8,H2
15-mars-17,1 salle de bain,Propriétaire,Oui,Oui,1070,4,H4C,1P8,H4
15-mars-17,1 salle de bain,Propriétaire,Non,Non,640,4,H1Z,1H2,H1
15-mars-17,1 salle de bain,Propriétaire,Non,Non,720,4,H1N,2R3,H1
15-mars-17,1 salle de bain,Propriétaire,Non,Oui,495,3,H1L,3C1,H1
15-mars-17,1 salle de bain,Propriétaire,Non,Non,1095,5,H2C,1N2,H2
15-mars-17,1 salle de bain,Professionnel,Non,Non,875,4,H4L,3L4,H4
15-mars-17,1 salle de bain,Propriétaire,Non,Oui,1400,3,H3G,2A4,H3
15-mars-17,1 salle de bain,Professionnel,Non,Non,625,4,H1G,2Y2,H1
15-mars-17,1 salle de bain,Propriétaire,Non,Non,1450,6,H4N,1N4,H4
15-mars-17,1 salle de bain,Professionnel,Non,Non,640,4,H1G,2Y2,H1
14-mars-17,1 salle de bain,Propriétaire,Non,Non,840,4,H1X,2M5,H1
13-mars-17,1 salle de bain,Professionnel,Non,Non,780,4,H1H,2V2,H1
15-mars-17,1 salle de bain,Propriétaire,Oui,Oui,759,3,H4N,3B1,H4
15-mars-17,1 salle de bain,Propriétaire,Oui,Non,1300,3,H2Y,1A5,H2
15-mars-17,1 salle de bain,Propriétaire,Oui,Non,1975,5,H4A,3A1,H4
15-mars-17,1 salle de bain,Propriétaire,Non,Non,700,4,H4J,1S5,H4
15-mars-17,1 salle de bain,Propriétaire,Non,Oui,1500,4,H3C,1V6,H3
15-mars-17,1 salle de bain,Propriétaire,Oui,Non,940,3,H3S,1R4,H3
15-mars-17,1 salle de bain,Propriétaire,Oui,Non,1150,4,H3S,1R4,H3
15-mars-17,1 salle de bain,Professionnel,Non,Non,675,3,H1J,2C2,H1
15-mars-17,1 salle de bain,Professionnel,Non,Non,925,4,H2X,1W3,H2
15-mars-17,1 salle de bain,Professionnel,Non,Non,740,3,H3W,1V3,H3
15-mars-17,1 salle de bain,Professionnel,Non,Non,800,4,H1J,2B6,H1
15-mars-17,1 salle de bain,Professionnel,Non,Non,925,4,H3X,2R9,H3
15-mars-17,1 salle de bain,Professionnel,Non,Non,740,3,H3W,1L3,H3
15-mars-17,1 salle de bain,Professionnel,Non,Non,950,3,H3V,1B4,H3
15-mars-17,1 salle de bain,Professionnel,Non,Non,850,3,H3A,2B1,H3
11-mars-17,1 salle de bain,Propriétaire,Non,Non,1575,4,H3W,2C5,H3
01-mars-17,1 salle de bain,Propriétaire,Non,Non,990,4,H3L,2K6,H3
16-mars-17,1 salle de bain,Professionnel,Non,Non,850,4,H9B,2N8,H9
15-mars-17,1 salle de bain,Professionnel,Non,Non,665,1,H3A,2B1,H3
15-mars-17,1 salle de bain,Professionnel,Non,Non,940,3,H3A,1S2,H3
15-mars-17,1 salle de bain,Propriétaire,Non,Non,700,3,H3S,1L4,H3
15-mars-17,1 salle de bain,Propriétaire,Non,Oui,890,4,H1G,3S3,H1
15-mars-17,1 salle de bain,Propriétaire,Non,Non,950,5,H3S,1K1,H3
15-mars-17,1 salle de bain,Propriétaire,Non,Non,825,4,H2E,2J4,H2
11-mars-17,1 salle de bain,Propriétaire,Non,Non,820,5,H3X,2H5,H3
15-mars-17,1 salle de bain,Propriétaire,Non,Oui,1100,4,H4A,2Z2,H4
15-mars-17,1 salle de bain,Professionnel,Non,Non,600,4,H1G,2Y2,H1
15-mars-17,1 salle de bain,Propriétaire,Non,Non,1750,8,H2T,2W8,H2
15-mars-17,1 salle de bain,Propriétaire,Non,Oui,880,7,H4E,2W7,H4
15-mars-17,1 salle de bain,Propriétaire,Non,Non,1200,6,H3N,2E4,H3
15-mars-17,1 salle de bain,Propriétaire,Non,Non,775,4,H1Y,1Z4,H1
15-mars-17,1 salle de bain,Propriétaire,Non,Oui,800,3,H1W,2E3,H1
15-mars-17,1 salle de bain,Propriétaire,Non,Non,800,5,H1H,4G5,H1
15-mars-17,1 salle de bain,Propriétaire,Non,Non,575,3,H1E,3K6,H1
15-mars-17,1 salle de bain,Propriétaire,Oui,Non,1300,3,H3B,3Z1,H3
16-mars-17,1 salle de bain,Professionnel,Non,Non,850,2,H3W,2H1,H3
15-mars-17,1 salle de bain,Propriétaire,Non,Non,875,5,H1E,2E7,H1
15-mars-17,1 salle de bain,Propriétaire,Non,Non,1025,3,H2J,3R2,H2
15-mars-17,1 salle de bain,Propriétaire,Non,Non,520,3,H1G,2B6,H1
15-mars-17,1 salle de bain,Propriétaire,Non,Non,550,3,H1E,2E7,H1
15-mars-17,1 salle de bain,Propriétaire,Non,Non,1050,5,H1A,1N5,H1
15-mars-17,1 salle de bain,Propriétaire,Non,Non,925,4,H4J,2P6,H4
15-mars-17,1 salle de bain,Propriétaire,Non,Non,690,3,H2R,1L5,H2
15-mars-17,1 salle de bain,Propriétaire,Non,Non,630,3,H1K,3V7,H1
15-mars-17,1 salle de bain,Professionnel,Non,Oui,2200,4,H3G,1Y2,H3
15-mars-17,1 salle de bain,Propriétaire,Oui,Non,1100,4,H4C,2R7,H4
15-mars-17,1 salle de bain,Propriétaire,Non,Non,525,3,H3N,2L1,H3
15-mars-17,1 salle de bain,Propriétaire,Oui,Non,1175,3,H3G,2J5,H3
15-mars-17,1 salle de bain,Professionnel,Non,Non,630,4,H1G,2Y2,H1
15-mars-17,1 salle de bain,Propriétaire,Non,Non,550,3,H1H,2A1,H1
15-mars-17,1 salle de bain,Propriétaire,Non,Non,980,3,H3H,1T5,H3
15-mars-17,1 salle de bain,Propriétaire,Non,Non,700,4,H2S,2K1,H2
15-mars-17,1 salle de bain,Propriétaire,Oui,Oui,875,4,H1J,2X1,H1
15-mars-17,1 salle de bain,Propriétaire,Non,Oui,950,4,H1N,3H3,H1
15-mars-17,1 salle de bain,Propriétaire,Non,Oui,1200,6,H2H,1Y6,H2
15-mars-17,1 salle de bain,Propriétaire,Non,Non,695,4,H1Z,3J1,H1
15-mars-17,1 salle de bain,Propriétaire,Non,Non,750,4,H1N,3A4,H1
15-mars-17,1 salle de bain,Propriétaire,Oui,Oui,625,3,H2E,2G2,H2
15-mars-17,1 salle de bain,Propriétaire,Non,Non,1180,4,H2H,2M2,H2
15-mars-17,1 salle de bain,Propriétaire,Non,Non,640,5,H1G,6K5,H1
15-mars-17,1 salle de bain,Professionnel,Non,Oui,2500,4,H3G,1Y2,H3
15-mars-17,1 salle de bain,Propriétaire,Non,Oui,990,5,H1V,1S1,H1
15-mars-17,1 salle de bain,Propriétaire,Non,Non,1340,3,H2S,1B9,H2
15-mars-17,1 salle de bain,Propriétaire,Non,Oui,837,3,H3V,1C2,H3
15-mars-17,1 salle de bain,Propriétaire,Non,Non,600,4,H8R,1P8,H8
15-mars-17,1 salle de bain,Professionnel,Non,Non,1275,4,H2V,4A4,H2
15-mars-17,1 salle de bain,Propriétaire,Non,Non,665,2,H2S,2J9,H2
15-mars-17,1 salle de bain,Propriétaire,Oui,Non,1300,4,H2K,2C7,H2
11-mars-17,1 salle de bain,Propriétaire,Non,Non,1300,5,H1K,0E5,H1
05-mars-17,1 salle de bain,Propriétaire,Non,Oui,800,3,H1M,3C8,H1
15-mars-17,1 salle de bain,Propriétaire,Non,Non,590,3,H4E,1L3,H4
15-mars-17,1,5 salle de bain,Propriétaire,Non,Non,1200,4,H8P,2J9,H8
15-mars-17,1 salle de bain,Propriétaire,Non,Non,870,5,H2E,1B7,H2
15-mars-17,1 salle de bain,Propriétaire,Non,Non,850,3,H3T,1J8,H3
15-mars-17,1 salle de bain,Propriétaire,Non,Non,695,4,H3L,2Y6,H3
15-mars-17,1 salle de bain,Propriétaire,Non,Non,630,4,H1G,6K5,H1
15-mars-17,1,5 salle de bain,Propriétaire,Oui,Non,895,3,H2C,3E2,H2
15-mars-17,1,5 salle de bain,Propriétaire,Non,Non,630,3,H2B,2P7,H2
15-mars-17,1 salle de bain,Propriétaire,Non,Non,800,5,H1L,2A8,H1
20-févr.-17,1 salle de bain,Professionnel,Non,Non,500,2,H4B,2T6,H4
15-mars-17,1 salle de bain,Propriétaire,Non,Non,650,4,H8S,1K4,H8
15-mars-17,1 salle de bain,Propriétaire,Non,Non,900,5,H4N,2H4,H4
15-mars-17,1 salle de bain,Professionnel,Non,Non,800,5,H1B,3B6,H1
15-mars-17,1 salle de bain,Propriétaire,Non,Non,585,3,H1Z,3P1,H1
15-mars-17,1 salle de bain,Propriétaire,Non,Non,650,4,H1S,2N4,H1
15-mars-17,1 salle de bain,Propriétaire,Oui,Oui,525,3,H2B,1A6,H2
15-mars-17,1,5 salle de bain,Propriétaire,Non,Non,1480,4,H4R,0A1,H4
15-mars-17,1 salle de bain,Professionnel,Oui,Non,1095,1,H2W,2E7,H2
15-mars-17,1 salle de bain,Professionnel,Oui,Non,2970,3,H2L,3J3,H2
15-mars-17,1 salle de bain,Professionnel,Non,Non,775,4,H4M,2A3,H4
15-mars-17,1 salle de bain,Propriétaire,Non,Non,705,3,H3W,1N3,H3
15-mars-17,1 salle de bain,Propriétaire,Non,Non,765,3,H2H,1Y8,H2
15-mars-17,1 salle de bain,Propriétaire,Non,Non,795,4,H1B,2A3,H1
26-févr.-17,1 salle de bain,Propriétaire,Non,Non,665,3,H3S,1H5,H3
15-mars-17,1,5 salle de bain,Professionnel,Non,Non,680,4,H1G,2Y2,H1
15-mars-17,1 salle de bain,Professionnel,Non,Oui,1330,3,H3G,1Y2,H3
14-mars-17,1 salle de bain,Propriétaire,Non,Non,785,3,H1W,1T7,H1
15-mars-17,1 salle de bain,Propriétaire,Non,Non,645,3,H1B,5C4,H1
15-mars-17,1 salle de bain,Propriétaire,Non,Non,600,3,H3R,2L8,H3
15-mars-17,1 salle de bain,Professionnel,Non,Oui,750,1,H3H,1T5,H3
15-mars-17,1 salle de bain,Propriétaire,Non,Non,605,3,H1T,1C4,H1
15-mars-17,1 salle de bain,Propriétaire,Oui,Non,1100,4,H3H,1K9,H3
14-mars-17,1 salle de bain,Professionnel,Non,Non,600,3,H3W,1C8,H3
15-mars-17,1 salle de bain,Professionnel,Non,Non,690,5,H1G,2Y2,H1
15-mars-17,1 salle de bain,Professionnel,Non,Oui,1250,2,H3G,1Y2,H3
15-mars-17,1 salle de bain,Propriétaire,Non,Non,725,3,H2P,1E9,H2
15-mars-17,1 salle de bain,Propriétaire,Oui,Non,875,4,H1X,2G7,H1
15-mars-17,1 salle de bain,Propriétaire,Non,Non,650,3,H2G,2R2,H2
15-mars-17,2 salles de bain,Propriétaire,Non,Oui,1325,6,H4R,1L4,H4
15-mars-17,2 salles de bain,Propriétaire,Non,Non,760,4,H1Z,3G4,H1
15-mars-17,1 salle de bain,Propriétaire,Oui,Non,575,2,H1Z,3G4,H1
15-mars-17,1 salle de bain,Professionnel,Non,Non,675,3,H1X,2B6,H1
15-mars-17,1 salle de bain,Propriétaire,Non,Non,750,4,H1H,1M9,H1
15-mars-17,1 salle de bain,Professionnel,Non,Non,1600,4,H1J,2H4,H1
15-mars-17,1 salle de bain,Professionnel,Non,Non,610,4,H1G,2Y2,H1
15-mars-17,1 salle de bain,Propriétaire,Non,Non,810,4,H3X,2G2,H3
15-mars-17,1 salle de bain,Propriétaire,Non,Non,680,3,H1S,1B9,H1
15-mars-17,1,5 salle de bain,Propriétaire,Oui,Oui,1800,4,H3X,1V8,H3
15-mars-17,1 salle de bain,Professionnel,Non,Non,800,4,H1P,2Z3,H1
13-mars-17,1 salle de bain,Propriétaire,Non,Non,620,3,H2C,2P1,H2
15-mars-17,1 salle de bain,Professionnel,Non,Non,675,3,H4M,2A3,H4
15-mars-17,1 salle de bain,Propriétaire,Non,Non,1100,5,H1N,1V1,H1
15-mars-17,1 salle de bain,Propriétaire,Non,Non,500,2,H8R,3W9,H8
15-mars-17,1 salle de bain,Propriétaire,Non,Non,530,1,H2B,2A2,H2
15-mars-17,1 salle de bain,Propriétaire,Non,Non,682,4,H2R,2V1,H2
15-mars-17,1 salle de bain,Propriétaire,Non,Non,550,2,H2B,2A2,H2
15-mars-17,1 salle de bain,Propriétaire,Non,Non,695,4,H1T,2X7,H1
15-mars-17,1 salle de bain,Propriétaire,Non,Non,805,4,H2B,2A2,H2
15-mars-17,1 salle de bain,Propriétaire,Non,Non,750,4,H2A,1R3,H2
15-mars-17,1 salle de bain,Propriétaire,Oui,Non,1150,3,H2P,2A8,H2
15-mars-17,1 salle de bain,Propriétaire,Non,Non,500,3,H4L,1R2,H4
15-mars-17,1 salle de bain,Propriétaire,Non,Non,695,3,H3X,1V6,H3
15-mars-17,1 salle de bain,Propriétaire,Non,Non,560,3,H2E,1E4,H2
15-mars-17,1 salle de bain,Propriétaire,Non,Oui,1010,3,H3Z,2M1,H3
15-mars-17,1 salle de bain,Propriétaire,Non,Non,1450,7,H4H,1X4,H4
15-mars-17,1 salle de bain,Propriétaire,Non,Non,1280,4,H2S,1B9,H2
15-mars-17,1 salle de bain,Propriétaire,Non,Non,900,4,H2B,1G2,H2
15-mars-17,1 salle de bain,Propriétaire,Non,Non,570,2,H2H,1N2,H2
15-mars-17,1 salle de bain,Propriétaire,Non,Oui,1100,5,H2C,2M9,H2
15-mars-17,1 salle de bain,Propriétaire,Non,Non,820,4,H4E,2E3,H4
15-mars-17,1 salle de bain,Propriétaire,Non,Oui,640,3,H1G,2S9,H1
15-mars-17,1 salle de bain,Propriétaire,Non,Non,685,3,H1J,1W4,H1
15-mars-17,1 salle de bain,Propriétaire,Non,Non,1160,5,H2J,1M6,H2
15-mars-17,1 salle de bain,Propriétaire,Non,Non,600,4,H1G,3R4,H1
15-mars-17,1 salle de bain,Propriétaire,Non,Non,930,3,H2S,1B9,H2
15-mars-17,1 salle de bain,Propriétaire,Non,Oui,795,4,H4E,1N5,H4
15-mars-17,1 salle de bain,Propriétaire,Non,Oui,955,3,H3E,1B8,H3
15-mars-17,1 salle de bain,Propriétaire,Non,Non,750,3,H2X,2Y6,H2
15-mars-17,1 salle de bain,Propriétaire,Non,Non,890,5,H1L,5P7,H1
15-mars-17,1 salle de bain,Propriétaire,Non,Non,1375,4,H2A,2X7,H2
15-mars-17,1 salle de bain,Propriétaire,Non,Non,820,2,H2S,1B9,H2
15-mars-17,1 salle de bain,Propriétaire,Non,Oui,775,4,H7M,5C6,H7
15-mars-17,1 salle de bain,Propriétaire,Non,Oui,1700,7,H2V,4E8,H2
15-mars-17,1 salle de bain,Propriétaire,Non,Non,1150,5,H3M,2K3,H3
15-mars-17,1 salle de bain,Propriétaire,Non,Non,475,2,H3L,3L3,H3
15-mars-17,1 salle de bain,Propriétaire,Non,Non,805,3,H1N,1G2,H1
15-mars-17,1 salle de bain,Propriétaire,Non,Non,600,3,H1G,4X8,H1
15-mars-17,1 salle de bain,Propriétaire,Oui,Non,500,3,H4B,1M6,H4
15-mars-17,1 salle de bain,Propriétaire,Non,Non,1200,4,H1H,5L9,H1
15-mars-17,1 salle de bain,Professionnel,Non,Non,600,2,H2K,3T8,H2
15-mars-17,1 salle de bain,Professionnel,Non,Oui,575,1,H4B,2E6,H4
15-mars-17,1 salle de bain,Professionnel,Oui,Non,770,3,H1H,1K2,H1
15-mars-17,1 salle de bain,Propriétaire,Non,Non,710,3,H3S,1T5,H3
15-mars-17,1 salle de bain,Professionnel,Oui,Non,650,1,H4B,1N6,H4
15-mars-17,1 salle de bain,Professionnel,Oui,Non,880,3,H4B,1N6,H4
15-mars-17,1 salle de bain,Professionnel,Oui,Non,795,3,H4B,1R7,H4
12-mars-17,1 salle de bain,Propriétaire,Oui,Non,950,3,H2H,1X2,H2
15-mars-17,1 salle de bain,Professionnel,Oui,Non,1020,4,H4B,1R7,H4
15-mars-17,1 salle de bain,Professionnel,Non,Non,830,4,H2K,3S3,H2
15-mars-17,1 salle de bain,Propriétaire,Oui,Oui,885,4,H3W,2T1,H3
15-mars-17,1 salle de bain,Propriétaire,Non,Non,1025,5,H2M,1N1,H2
15-mars-17,1 salle de bain,Propriétaire,Non,Non,760,4,H1E,1E6,H1
15-mars-17,1 salle de bain,Propriétaire,Non,Non,885,4,H2G,2R2,H2
15-mars-17,1 salle de bain,Propriétaire,Non,Non,650,3,H1V,3J6,H1
15-mars-17,1 salle de bain,Propriétaire,Oui,Non,845,3,H1W,3E1,H1
15-mars-17,1 salle de bain,Propriétaire,Non,Non,860,5,H1K,3M4,H1
15-mars-17,1 salle de bain,Propriétaire,Non,Non,630,4,H1H,3T7,H1
15-mars-17,1 salle de bain,Propriétaire,Non,Non,780,4,H1T,2W9,H1
15-mars-17,1 salle de bain,Propriétaire,Oui,Non,1400,3,H2Y,3C5,H2
15-mars-17,1 salle de bain,Propriétaire,Oui,Oui,1320,3,H2P,1E8,H2
15-mars-17,1 salle de bain,Propriétaire,Non,Non,1195,4,H1S,3H2,H1
15-mars-17,1 salle de bain,Propriétaire,Non,Non,780,4,H1N,3A2,H1
15-mars-17,1 salle de bain,Propriétaire,Non,Non,630,4,H1E,3L1,H1
15-mars-17,1 salle de bain,Propriétaire,Non,Non,625,3,H1T,3T9,H1
15-mars-17,1 salle de bain,Propriétaire,Non,Non,918,3,H2H,1P4,H2
15-mars-17,1 salle de bain,Propriétaire,Non,Non,770,5,H1L,3X3,H1
15-mars-17,1 salle de bain,Propriétaire,Non,Non,475,2,H1M,1A4,H1
15-mars-17,1 salle de bain,Propriétaire,Non,Non,635,4,H1A,1X1,H1
15-mars-17,2 salles de bain,Professionnel,Non,Oui,2300,4,H3G,1Y2,H3
15-mars-17,1 salle de bain,Propriétaire,Non,Oui,725,3,H1Y,2V5,H1
15-mars-17,1 salle de bain,Propriétaire,Non,Oui,1195,4,H1X,1V9,H1
15-mars-17,1 salle de bain,Propriétaire,Non,Non,1225,4,H2W,1B7,H2
15-mars-17,2 salles de bain,Propriétaire,Non,Non,1100,5,H1N,2Y2,H1
15-mars-17,1 salle de bain,Propriétaire,Non,Non,780,4,H1M,3J2,H1
15-mars-17,1 salle de bain,Propriétaire,Non,Non,900,5,H1N,2R4,H1
15-mars-17,1 salle de bain,Propriétaire,Non,Non,1200,5,H2J,1M6,H2
14-mars-17,1 salle de bain,Propriétaire,Non,Non,1800,7,H2X,3L6,H2
15-mars-17,1 salle de bain,Propriétaire,Non,Non,595,3,H4E,2C9,H4
16-mars-17,1 salle de bain,Professionnel,Non,Non,1250,3,H3H,1Y3,H3
16-mars-17,1 salle de bain,Professionnel,Non,Non,1025,3,H3Z,1R3,H3
15-mars-17,1 salle de bain,Propriétaire,Non,Oui,695,3,H3W,2H5,H3
15-mars-17,1 salle de bain,Professionnel,Oui,Non,1475,4,H2T,2S9,H2
15-mars-17,1 salle de bain,Propriétaire,Non,Non,775,4,H1M,3B1,H1
15-mars-17,1 salle de bain,Propriétaire,Oui,Non,800,2,H4L,3V3,H4
15-mars-17,1 salle de bain,Professionnel,Non,Non,565,3,H3L,2N5,H3
15-mars-17,1 salle de bain,Propriétaire,Non,Oui,900,3,H2K,3Z1,H2
15-mars-17,1,5 salle de bain,Propriétaire,Non,Non,1750,4,H2W,1T2,H2
15-mars-17,1 salle de bain,Propriétaire,Non,Oui,760,4,H8S,3Z8,H8
15-mars-17,1,5 salle de bain,Propriétaire,Non,Non,1325,5,H1K,1H7,H1
15-mars-17,1 salle de bain,Propriétaire,Non,Non,460,1,H8R,1G4,H8
15-mars-17,1 salle de bain,Professionnel,Non,Non,755,3,H3W,1P8,H3
15-mars-17,1 salle de bain,Professionnel,Non,Non,699,2,H3W,1M4,H3
15-mars-17,1 salle de bain,Professionnel,Oui,Non,1300,3,H1T,2L2,H1
15-mars-17,1 salle de bain,Propriétaire,Non,Oui,775,3,H3W,2C8,H3
15-mars-17,1 salle de bain,Propriétaire,Non,Oui,665,3,H8R,2H7,H8
15-mars-17,1 salle de bain,Propriétaire,Oui,Non,835,4,H2A,2S7,H2
15-mars-17,1 salle de bain,Propriétaire,Oui,Oui,720,4,H1W,1Z3,H1
15-mars-17,1 salle de bain,Propriétaire,Non,Non,1750,5,H2K,3Y6,H2
15-mars-17,1 salle de bain,Propriétaire,Non,Non,1510,5,H2W,1B7,H2
15-mars-17,1 salle de bain,Propriétaire,Non,Non,650,4,H8R,1G4,H8
15-mars-17,1,5 salle de bain,Professionnel,Non,Oui,1680,4,H3V,1G1,H3
15-mars-17,1,5 salle de bain,Professionnel,Non,Oui,1399,4,H3V,1G1,H3
15-mars-17,1 salle de bain,Propriétaire,Non,Non,730,3,H2A,2S7,H2
15-mars-17,1 salle de bain,Propriétaire,Non,Non,695,3,H4N,1M8,H4
15-mars-17,1 salle de bain,Propriétaire,Non,Oui,800,4,H3N,2L1,H3
15-févr.-17,1 salle de bain,Professionnel,Non,Non,750,4,H1J,2C6,H1
15-mars-17,1 salle de bain,Propriétaire,Non,Non,1395,5,H3M,2T8,H3
15-mars-17,1 salle de bain,Propriétaire,Non,Non,900,5,H3N,2S7,H3
15-mars-17,2 salles de bain,Propriétaire,Non,Oui,2280,7,H3S,2N6,H3
15-mars-17,1 salle de bain,Propriétaire,Non,Non,1500,7,H4H,1Z7,H4
15-mars-17,1 salle de bain,Propriétaire,Non,Non,650,3,H1G,2H4,H1
15-mars-17,1 salle de bain,Propriétaire,Non,Non,707,3,H1N,3A7,H1
15-mars-17,1 salle de bain,Propriétaire,Non,Non,625,4,H1A,1X1,H1
15-mars-17,1 salle de bain,Propriétaire,Non,Oui,910,3,H3T,1W5,H3
15-mars-17,1 salle de bain,Propriétaire,Non,Non,620,4,H1H,5M2,H1
15-mars-17,1 salle de bain,Propriétaire,Non,Non,540,3,H1H,5M2,H1
15-mars-17,1 salle de bain,Propriétaire,Non,Non,1100,5,H2K,1G4,H2
15-mars-17,1 salle de bain,Propriétaire,Non,Non,730,4,H1X,2J1,H1
15-mars-17,1 salle de bain,Propriétaire,Oui,Non,700,4,H2C,1G1,H2
15-mars-17,1 salle de bain,Propriétaire,Non,Non,780,4,H1N,3A7,H1
15-mars-17,1 salle de bain,Propriétaire,Non,Non,825,3,H2J,2M3,H2
15-mars-17,1 salle de bain,Propriétaire,Non,Non,895,4,H1W,3V9,H1
15-mars-17,1 salle de bain,Propriétaire,Non,Non,1250,4,H2C,2B4,H2
15-mars-17,1 salle de bain,Propriétaire,Non,Oui,1550,6,H4A,3C7,H4
15-mars-17,1 salle de bain,Propriétaire,Non,Non,950,5,H4C,2G5,H4
15-mars-17,1 salle de bain,Propriétaire,Oui,Non,1250,4,H2C,2B4,H2
15-mars-17,2 salles de bain,Professionnel,Non,Oui,2200,4,H3G,1Y2,H3
15-mars-17,1 salle de bain,Professionnel,Non,Non,610,2,H8R,2M8,H8
15-mars-17,1 salle de bain,Professionnel,Non,Non,710,3,H8R,2M8,H8
15-mars-17,1 salle de bain,Propriétaire,Non,Non,1160,4,H1L,4L9,H1
15-mars-17,1 salle de bain,Propriétaire,Oui,Non,1285,4,H2T,1Y1,H2
15-mars-17,1 salle de bain,Propriétaire,Non,Non,790,4,H2G,1W9,H2
15-mars-17,1 salle de bain,Propriétaire,Non,Non,580,3,H8P,3H1,H8
15-mars-17,1 salle de bain,Propriétaire,Non,Non,928,3,H2X,2B5,H2
16-mars-17,1 salle de bain,Propriétaire,Non,Non,950,5,H4B,1K8,H4
15-mars-17,1 salle de bain,Propriétaire,Oui,Non,670,3,H2L,2K9,H2
15-mars-17,1 salle de bain,Propriétaire,Oui,Oui,1400,5,H3W,2H8,H3
15-mars-17,1 salle de bain,Propriétaire,Non,Non,1250,5,H2R,2E8,H2
15-mars-17,1 salle de bain,Propriétaire,Non,Non,915,4,H4N,1Z2,H4
15-mars-17,1 salle de bain,Propriétaire,Non,Non,940,3,H2J,2K6,H2
15-mars-17,1 salle de bain,Propriétaire,Non,Non,850,5,H2A,2P1,H2
15-mars-17,1 salle de bain,Propriétaire,Non,Non,795,3,H4N,1Z2,H4
15-mars-17,1 salle de bain,Propriétaire,Non,Oui,835,1,H2X,2L6,H2
15-mars-17,1 salle de bain,Propriétaire,Non,Non,975,5,H2P,2N6,H2
15-mars-17,1 salle de bain,Propriétaire,Non,Non,700,4,H2A,1X8,H2
15-mars-17,1,5 salle de bain,Professionnel,Non,Oui,1359,4,H3V,1G1,H3
15-mars-17,1 salle de bain,Professionnel,Non,Non,895,4,H3T,1P5,H3
15-mars-17,1 salle de bain,Professionnel,Non,Non,840,4,H3T,1Y8,H3
15-mars-17,1 salle de bain,Professionnel,Non,Non,1150,4,H2R,2E5,H2
15-mars-17,1 salle de bain,Professionnel,Non,Non,1095,4,H3T,1X7,H3
15-mars-17,1 salle de bain,Professionnel,Non,Non,1050,4,H3T,1X7,H3
15-mars-17,1 salle de bain,Professionnel,Non,Non,715,4,H3R,2M2,H3
15-mars-17,1 salle de bain,Propriétaire,Non,Non,700,3,H1W,3M5,H1
15-mars-17,1 salle de bain,Propriétaire,Non,Non,1450,3,H3H,1Z4,H3
15-mars-17,1 salle de bain,Propriétaire,Non,Non,695,4,H1Z,2A7,H1
15-mars-17,1 salle de bain,Propriétaire,Non,Non,1500,5,H3T,1J3,H3
15-mars-17,1 salle de bain,Propriétaire,Non,Non,1355,4,H4B,2X1,H4
15-mars-17,1 salle de bain,Propriétaire,Non,Non,695,4,H1Z,3S9,H1
15-mars-17,1 salle de bain,Propriétaire,Non,Non,860,4,H1K,4G1,H1
15-mars-17,1 salle de bain,Propriétaire,Non,Non,1200,4,H2R,2N3,H2
15-mars-17,1 salle de bain,Propriétaire,Non,Non,1200,5,H1W,1G6,H1
15-mars-17,1 salle de bain,Propriétaire,Non,Non,1550,4,H2K,3W8,H2
15-mars-17,1 salle de bain,Propriétaire,Oui,Oui,1100,3,H5L,0A5,H5
15-mars-17,1 salle de bain,Propriétaire,Non,Oui,1250,4,H3T,1V8,H3
15-mars-17,1 salle de bain,Professionnel,Non,Oui,1039,3,H3V,1G1,H3
15-mars-17,1 salle de bain,Propriétaire,Oui,Non,665,3,H8N,1T3,H8
15-mars-17,1 salle de bain,Professionnel,Non,Non,575,3,H1R,2L2,H1
15-mars-17,1,5 salle de bain,Propriétaire,Non,Non,770,3,H2S,2H3,H2
15-mars-17,1 salle de bain,Propriétaire,Non,Non,715,4,H1H,1A8,H1
15-mars-17,1 salle de bain,Professionnel,Non,Non,630,3,H1Y,2Z8,H1
15-mars-17,1 salle de bain,Professionnel,Non,Non,750,4,H1Y,2Z8,H1
01-mars-17,1 salle de bain,Propriétaire,Non,Non,890,3,H3L,2K6,H3
15-mars-17,1 salle de bain,Professionnel,Non,Non,680,3,H1K,4C8,H1
15-mars-17,1 salle de bain,Professionnel,Non,Oui,969,3,H3V,1G1,H3
15-mars-17,1 salle de bain,Professionnel,Non,Non,980,5,H4L,2B6,H4
15-mars-17,1 salle de bain,Professionnel,Oui,Non,525,6,H1G,2V5,H1
04-mars-17,1 salle de bain,Professionnel,Oui,Non,560,3,H4B,1Y2,H4
03-mars-17,1 salle de bain,Professionnel,Non,Oui,800,5,H4V,2V6,H4
22-févr.-17,1 salle de bain,Propriétaire,Oui,Non,1600,3,H3C,0E9,H3
14-mars-17,1,5 salle de bain,Propriétaire,Non,Non,590,1,H1H,5M3,H1
